User,Comment Date
K.R. Padmini,6 years 11 months ago
Ankit Saraf_3,6 years 11 months ago
VISHNU V,6 years 11 months ago
Krishan Kumar Chugh,6 years 11 months ago
Amal Sharma,6 years 11 months ago
Srikanth Meesa,6 years 11 months ago
DGS SRINIVAS,6 years 11 months ago
BS Ramanjaneyulu,6 years 11 months ago
BS Ramanjaneyulu,6 years 11 months ago
Rajesh Timane,6 years 11 months ago
BS Ramanjaneyulu,6 years 11 months ago
George Vergese,6 years 11 months ago
BS Ramanjaneyulu,6 years 11 months ago
BS Ramanjaneyulu,6 years 11 months ago
Padma D,6 years 11 months ago
DGS SRINIVAS,6 years 11 months ago
BS Ramanjaneyulu,6 years 11 months ago
BS Ramanjaneyulu,6 years 11 months ago
BS Ramanjaneyulu,6 years 11 months ago
Praveen K,6 years 11 months ago
Praveen K,6 years 11 months ago
DGS SRINIVAS,6 years 11 months ago
Praveen K,6 years 11 months ago
BS Ramanjaneyulu,6 years 11 months ago
BS Ramanjaneyulu,6 years 11 months ago
BS Ramanjaneyulu,6 years 11 months ago
BS Ramanjaneyulu,6 years 11 months ago
BS Ramanjaneyulu,6 years 11 months ago
BS Ramanjaneyulu,6 years 11 months ago
Alisha Shah,6 years 11 months ago
SRIDHAR,6 years 11 months ago
Ganesan Subramanian,6 years 11 months ago
Lakshmi Indukuri,6 years 11 months ago
Mspillai,6 years 11 months ago
Sakshi Rajput,6 years 11 months ago
Sanjay Agarwal,6 years 11 months ago
PRAKASHA RAO,6 years 11 months ago
RAJESWARI,6 years 11 months ago
Ganesan Subramanian,6 years 11 months ago
IMTIYAZ SHAIKH,6 years 11 months ago
Ganesan Subramanian,6 years 11 months ago
Ganesan Subramanian,6 years 11 months ago
IMTIYAZ SHAIKH,6 years 11 months ago
Ganesan Subramanian,6 years 11 months ago
Ganesan Subramanian,6 years 11 months ago
IMTIYAZ SHAIKH,6 years 11 months ago
STU KARIMNAGAR,6 years 11 months ago
Vidhya Lakshmi Krishnan,6 years 11 months ago
Vidhya Lakshmi Krishnan,6 years 11 months ago
Ganesan Subramanian,6 years 11 months ago
Ganesan Subramanian,6 years 11 months ago
Ganesan Subramanian,6 years 11 months ago
Ganesan Subramanian,6 years 11 months ago
Kuldeep Singh Shekhawat,6 years 11 months ago
Ganesan Subramanian,6 years 11 months ago
Arch Sandeep Girdher,6 years 11 months ago
Ketan Naghera,6 years 11 months ago
Tanmoy Kumar Bharati,6 years 11 months ago
KUMARI APARAJITA,6 years 11 months ago
JAGDISH PATHAK,6 years 11 months ago
SRIDHAR,6 years 11 months ago
ISHWARI KUMAR SINHA,6 years 11 months ago
Prava Venkta Udaya Bhaskar,6 years 11 months ago
Prava Venkta Udaya Bhaskar,6 years 11 months ago
PRAKASHA RAO,6 years 11 months ago
Ganesan Subramanian,6 years 11 months ago
Vikas Agnihotri,6 years 11 months ago
Dr_Padmanabh Dattatray Lele,6 years 11 months ago
Ganesan Subramanian,6 years 11 months ago
Dr_Padmanabh Dattatray Lele,6 years 11 months ago
Dr_Padmanabh Dattatray Lele,6 years 11 months ago
Shikha Singh,6 years 11 months ago
Dr_Padmanabh Dattatray Lele,6 years 11 months ago
Suchitra Bhattacharjee (Nee Bandyopadhyay),6 years 11 months ago
Shammi Ranjan Singh,6 years 11 months ago
Ganesan Subramanian,6 years 11 months ago
Prashant Agarwal,6 years 11 months ago
Prashant Agarwal,6 years 11 months ago
Prashant Agarwal,6 years 11 months ago
RANJANA CHOPRA,6 years 11 months ago
Dr Rajesh Bejjangala,6 years 11 months ago
Racharla Sruthi,6 years 11 months ago
Jasbir Ror Ahun,6 years 11 months ago
Naveen Prasad,6 years 11 months ago
Naveen Prasad,6 years 11 months ago
Naveen Prasad,6 years 11 months ago
Naveen Prasad,6 years 11 months ago
Tushar Singh,6 years 11 months ago
Arul M,6 years 11 months ago
Vikram Kumar,6 years 11 months ago
Vikram Kumar,6 years 11 months ago
Sanjay Kewat,6 years 11 months ago
JAGDISH PATHAK,6 years 11 months ago
Gaurav Sharma,6 years 11 months ago
Gaurav Sharma,6 years 11 months ago
Gaurav Sharma,6 years 11 months ago
Gaurav Sharma,6 years 11 months ago
Preetha P S,6 years 11 months ago
Prashant Agarwal,6 years 11 months ago
Prashant Agarwal,6 years 11 months ago
Prashant Agarwal,6 years 11 months ago
Prashant Agarwal,6 years 11 months ago
Prashant Agarwal,6 years 11 months ago
N.M.MASOODHU BANU,6 years 11 months ago
Prashant Agarwal,6 years 11 months ago
Prashant Agarwal,6 years 11 months ago
Prashant Agarwal,6 years 11 months ago
Prashant Agarwal,6 years 11 months ago
Prashant Agarwal,6 years 11 months ago
Prashant Agarwal,6 years 11 months ago
Vinaykumar Hanashi,6 years 11 months ago
Pradeep Agrawal,6 years 11 months ago
SHANMUGANATHAN B Balasubramaniam,6 years 11 months ago
Satish Mishra,6 years 11 months ago
Satish Mishra,6 years 11 months ago
Satish Mishra,6 years 11 months ago
Suraj Kumar_13,6 years 11 months ago
Pramod Gupta_5,6 years 11 months ago
Prashant Agarwal,6 years 11 months ago
NANDAN SHERLEKAR,6 years 11 months ago
Sandeep Maurya,6 years 11 months ago
Saumya Ranjan Patra,6 years 11 months ago
Amit Kumar Yadav,6 years 11 months ago
Tanmoy Kumar Bharati,6 years 11 months ago
Tanmoy Kumar Bharati,6 years 11 months ago
Rishikesh Choudhary,6 years 11 months ago
JAGDISH PATHAK,6 years 11 months ago
NISHANT PATEL_2,6 years 11 months ago
Satish Mishra,6 years 11 months ago
James Rajiah,6 years 11 months ago
Satish Mishra,6 years 11 months ago
Dr R K Sharma,6 years 11 months ago
Devarajan Govindan,6 years 11 months ago
Devarajan Govindan,6 years 11 months ago
Prabhu Bharathan,6 years 11 months ago
Anand Kumar,6 years 11 months ago
Sanjay Sethi,6 years 11 months ago
Sanjay Sethi,6 years 11 months ago
SHANMUGANATHAN B Balasubramaniam,6 years 11 months ago
Javedkatni,6 years 11 months ago
Javedkatni,6 years 11 months ago
Dr_Padmanabh Dattatray Lele,6 years 11 months ago
Rama Krishna Kakarla,6 years 11 months ago
Ashwini M Morokar,6 years 11 months ago
Pawan Jury,6 years 11 months ago
Vasant Khale,6 years 11 months ago
Yuvaraj Vemula,6 years 11 months ago
Yuvaraj Vemula,6 years 11 months ago
Yuvaraj Vemula,6 years 11 months ago
Gunjan Tiwari,6 years 11 months ago
Surbhi Mahnot,6 years 11 months ago
Dr Kalpesh Gajiwala,6 years 11 months ago
KANCHANA GOPALAKRISHNA,6 years 11 months ago
Jitendra Kumar,6 years 11 months ago
Arul M,6 years 11 months ago
Valishakkagari Chidambar Reddy,6 years 12 months ago
Valishakkagari Chidambar Reddy,6 years 12 months ago
Uday Pundhir,6 years 12 months ago
Nand Kishore Sharma,6 years 12 months ago
Hrishikesh Soman,6 years 12 months ago
Anurag Shukla,6 years 12 months ago
Anurag Shukla,6 years 12 months ago
Nand Kishore Sharma,6 years 12 months ago
Anurag Shukla,6 years 12 months ago
Pradeep Kumar_176,6 years 12 months ago
Pradeep Kumar_176,6 years 12 months ago
Pradeep Kumar_176,6 years 12 months ago
Sadaf Shaikh,6 years 12 months ago
Bharat Joshi,6 years 12 months ago
MANOJ GHANSHYAM SHUKLA,6 years 12 months ago
Ajay Saboo,6 years 12 months ago
Ranjeet Joshipura,6 years 12 months ago
Ranjeet Joshipura,6 years 12 months ago
Ranjeet Joshipura,6 years 12 months ago
Sudhir Ashta,6 years 12 months ago
Sudhir Ashta,6 years 12 months ago
Sudhir Ashta,6 years 12 months ago
Sudhir Ashta,6 years 12 months ago
Sudhir Ashta,6 years 12 months ago
Harikrishnan R,6 years 12 months ago
Smitha Sabu,6 years 12 months ago
Swanand Patkar,6 years 12 months ago
TANYA GUPTA,6 years 12 months ago
TANYA GUPTA,6 years 12 months ago
TANYA GUPTA,6 years 12 months ago
Korra Rama Subbaiah,6 years 12 months ago
ASHVIN SUDHAKARRAO KINARKAR,6 years 12 months ago
Mukesh Maheshwari,6 years 12 months ago
Mukesh Maheshwari,6 years 12 months ago
Rishabh Gupta_12,6 years 12 months ago
JAGDISH PATHAK,6 years 12 months ago
PMN Mohankrishnaa,6 years 12 months ago
PMN Mohankrishnaa,6 years 12 months ago
PMN Mohankrishnaa,6 years 12 months ago
Sravanthi,6 years 12 months ago
Bhole Shankar,6 years 12 months ago
Bhole Shankar,6 years 12 months ago
Anurag Agarwal_29,6 years 12 months ago
Veeresh Gokavi,6 years 12 months ago
Veeresh Gokavi,6 years 12 months ago
PK Tulsi,6 years 12 months ago
Keerthiga,6 years 12 months ago
Arul M,6 years 12 months ago
Kamlesh Kumar_66,6 years 12 months ago
Naresh Kumar,6 years 12 months ago
Kamlesh Kumar_66,6 years 12 months ago
Tanmoy Kumar Bharati,6 years 12 months ago
Kuldeep Singh Thakur,6 years 12 months ago
Kuldeep Singh Thakur,6 years 12 months ago
Dr Uma Arora,6 years 12 months ago
Praveen Yadav,6 years 12 months ago
Suchitra Bhattacharjee (Nee Bandyopadhyay),6 years 12 months ago
BINAY BISWAS,6 years 12 months ago
Rohit Dandapat,6 years 12 months ago
Rohit Dandapat,6 years 12 months ago
Rohit Dandapat,6 years 12 months ago
Rohit Dandapat,6 years 12 months ago
Rohit Dandapat,6 years 12 months ago
Rohit Dandapat,6 years 12 months ago
JAGDISH PATHAK,6 years 12 months ago
Souradipta Ghosh,6 years 12 months ago
Jaydeep Das Gupta,6 years 12 months ago
MONIKA CHAUDHRY,6 years 12 months ago
Yogendra Singh,6 years 12 months ago
MUKESH MISTRY,6 years 12 months ago
Dharmraj Maurya,6 years 12 months ago
Amit Singh Thakur,6 years 12 months ago
Amit Singh Thakur,6 years 12 months ago
Amit Singh Thakur,6 years 12 months ago
Narayan Harne,6 years 12 months ago
Arul M,6 years 12 months ago
Venkatesh,6 years 12 months ago
Arul M,6 years 12 months ago
Arul M,6 years 12 months ago
Arul M,6 years 12 months ago
Srividhya.S,6 years 12 months ago
Aditya M,6 years 12 months ago
Sarthak Shrivastava,6 years 12 months ago
Abhishek Kumar,6 years 12 months ago
Shankha,6 years 12 months ago
Shankha,6 years 12 months ago
JAGDISH PATHAK,6 years 12 months ago
Bigan Kumar,6 years 12 months ago
Johnson Fernandez,6 years 12 months ago
Vinayak S Angadi,6 years 12 months ago
Vinayak S Angadi,6 years 12 months ago
Vinayak S Angadi,6 years 12 months ago
Swati Patel,6 years 12 months ago
Sanjay Kumar,6 years 12 months ago
Sanjay Kumar,6 years 12 months ago
Brajesh Kumar Srivastava,6 years 12 months ago
Sanjukta Banerjee,6 years 12 months ago
Gaurav Sharma,6 years 12 months ago
Gaurav Sharma,6 years 12 months ago
GAURANG PARIKH,6 years 12 months ago
Sandeep Kumar Sawla,6 years 12 months ago
Sandeep Kumar Sawla,6 years 12 months ago
JAGDISH PATHAK,6 years 12 months ago
Manoranjan Behera,6 years 12 months ago
Raghav Krishnan,6 years 12 months ago
Nandha Kumar_6,6 years 12 months ago
Abhisarika Singh,6 years 12 months ago
Harish Trivedi,6 years 12 months ago
Prakash Chandra Verma,6 years 12 months ago
Dr Mahesh Khurana,6 years 12 months ago
RAJU MUDI,7 years 10 hours ago
Gaurav Sharma,7 years 10 hours ago
JAGDISH PATHAK,7 years 11 hours ago
Gaurav Sharma,7 years 11 hours ago
Arun Jain,7 years 12 hours ago
Hasmukh Chouhan,7 years 16 hours ago
Hasmukh Chouhan,7 years 16 hours ago
HALGARE NANASAHEB MAHADEV,7 years 17 hours ago
HALGARE NANASAHEB MAHADEV,7 years 17 hours ago
Rathod Mahesh Arjunbhai,7 years 19 hours ago
Chandramohan Ganesan,7 years 21 hours ago
Kmoksha Rishi,7 years 22 hours ago
MONU SONI,7 years 1 day ago
MONU SONI,7 years 1 day ago
Deepak Singh Bisht,7 years 1 day ago
Ashok Ramakant Joshi,7 years 1 day ago
Sreenivasan Venkatesan,7 years 1 day ago
Sreenivasan Venkatesan,7 years 1 day ago
Sreenivasan Venkatesan,7 years 1 day ago
Sreenivasan Venkatesan,7 years 1 day ago
Dinesh_34,7 years 1 day ago
Dinesh_34,7 years 1 day ago
Dinesh_34,7 years 1 day ago
Dr Anand Agarwal,7 years 1 day ago
Ananthan S Kumar,7 years 1 day ago
JAGDISH PATHAK,7 years 1 day ago
Adarsh Raj,7 years 1 day ago
Alok Chantia,7 years 1 day ago
Asok Kumar Das,7 years 1 day ago
Laxmikant Bagade,7 years 1 day ago
TIRTHANKAR GHOSH,7 years 1 day ago
TIRTHANKAR GHOSH,7 years 1 day ago
Biswajit Mishra,7 years 1 day ago
Dr.(PROF.) SUDHIR CHANDRA PATRA,7 years 1 day ago
DR JYOTSNA SHARMA,7 years 1 day ago
SUSMITA CHANDRA,7 years 1 day ago
Devi Prasad_3,7 years 1 day ago
Vikram Verma,7 years 2 days ago
Balraj Sagar,7 years 2 days ago
Kulin Shah,7 years 2 days ago
Vijay Pratap,7 years 2 days ago
Subhrakanta Thamb,7 years 2 days ago
Subhendu Gorai,7 years 2 days ago
RAGHURAMAN N,7 years 2 days ago
GAGAN PAL,7 years 2 days ago
S Sharma,7 years 2 days ago
Aseem Bhardwaj,7 years 2 days ago
Anil Kumar,7 years 2 days ago
AKSHYA KUMAR GHOSH,7 years 2 days ago
Anil Kumar,7 years 2 days ago
Anil Kumar,7 years 2 days ago
Anil Kumar,7 years 2 days ago
Juee Vijay Kulkarni,7 years 2 days ago
K K Jindal,7 years 2 days ago
SHANMUGANATHAN B Balasubramaniam,7 years 2 days ago
SHANMUGANATHAN B Balasubramaniam,7 years 2 days ago
SHANMUGANATHAN B Balasubramaniam,7 years 2 days ago
SHANMUGANATHAN B Balasubramaniam,7 years 2 days ago
K K Jindal,7 years 2 days ago
SHANMUGANATHAN B Balasubramaniam,7 years 2 days ago
SHANMUGANATHAN B Balasubramaniam,7 years 2 days ago
SHANMUGANATHAN B Balasubramaniam,7 years 2 days ago
SHANMUGANATHAN B Balasubramaniam,7 years 2 days ago
SHANMUGANATHAN B Balasubramaniam,7 years 2 days ago
SHANMUGANATHAN B Balasubramaniam,7 years 2 days ago
SHANMUGANATHAN B Balasubramaniam,7 years 2 days ago
SHANMUGANATHAN B Balasubramaniam,7 years 2 days ago
SHANMUGANATHAN B Balasubramaniam,7 years 2 days ago
Alok Kumar,7 years 2 days ago
Vaibhav Pai Fondekar,7 years 2 days ago
Anirudh Prasad,7 years 2 days ago
K G VILOP,7 years 2 days ago
K G VILOP,7 years 2 days ago
Hari Singh,7 years 3 days ago
Manoj Ram,7 years 3 days ago
Sourabh Kumar,7 years 3 days ago
Prabhav Abhay Tengse,7 years 3 days ago
JAGDISH PATHAK,7 years 3 days ago
Anil Patel_4,7 years 3 days ago
B.Satheesan,7 years 3 days ago
Anil Patel_4,7 years 3 days ago
DR VINAY SHAUNAK,7 years 3 days ago
Mothi Prasad,7 years 3 days ago
Mothi Prasad,7 years 3 days ago
Mothi Prasad,7 years 3 days ago
SADAYAN MURUGESAN,7 years 3 days ago
Mothi Prasad,7 years 3 days ago
Mothi Prasad,7 years 3 days ago
Mothi Prasad,7 years 3 days ago
Gaurav Tiwari,7 years 3 days ago
Pradeep Trivedi,7 years 3 days ago
Sarika Gupta_6,7 years 3 days ago
Dayal Vasnani,7 years 3 days ago
Dhrubasish Sarkar,7 years 3 days ago
Gourav Pareek,7 years 3 days ago
Kanan Saurabh,7 years 3 days ago
Rakesh Sood,7 years 3 days ago
Rakesh Sood,7 years 3 days ago
Rakesh Sood,7 years 3 days ago
Biranchi Narayan Acharya,7 years 3 days ago
Nitin Ramrao Hodgar,7 years 3 days ago
Dibyendu Sen Sharma,7 years 3 days ago
Om Tendolkar,7 years 3 days ago
Om Tendolkar,7 years 3 days ago
Om Tendolkar,7 years 3 days ago
Dibyendu Sen Sharma,7 years 3 days ago
Om Tendolkar,7 years 3 days ago
Om Tendolkar,7 years 3 days ago
Damodar Lele,7 years 3 days ago
Prashant Gupta,7 years 3 days ago
Sachin Ambaskar,7 years 3 days ago
Damodar Lele,7 years 3 days ago
Damodar Lele,7 years 3 days ago
Damodar Lele,7 years 3 days ago
Sachin Ambaskar,7 years 3 days ago
DURGADAS_1,7 years 3 days ago
DURGADAS_1,7 years 3 days ago
Harvik Shah,7 years 3 days ago
Tanmoy Kumar Bharati,7 years 3 days ago
Patel Priyank,7 years 3 days ago
Patel Priyank,7 years 3 days ago
Dr Raj Mukta Sundaram,7 years 3 days ago
ARVIND KUMAR,7 years 3 days ago
VIKAS GOYAL,7 years 4 days ago
K S V Padmanabhan,7 years 4 days ago
Vivek Rao,7 years 4 days ago
PRAMOD KUMAR,7 years 4 days ago
Chiradeep Kundu,7 years 4 days ago
Aditya Mishra,7 years 4 days ago
JAGDISH PATHAK,7 years 4 days ago
Prabhu Bharathan,7 years 4 days ago
Mukul Saxena,7 years 4 days ago
MONASHREE SWAIN,7 years 4 days ago
VARUN KUMAR SOOD,7 years 4 days ago
VARUN KUMAR SOOD,7 years 4 days ago
VARUN KUMAR SOOD,7 years 4 days ago
Balraj Sagar,7 years 4 days ago
Chandra C,7 years 4 days ago
Rakhi Vijayan,7 years 4 days ago
Paresh Desai,7 years 4 days ago
Osho Allahkhuda,7 years 4 days ago
Vijender Singh Beniwal,7 years 4 days ago
Osho Allahkhuda,7 years 4 days ago
Osho Allahkhuda,7 years 4 days ago
SUBHASH CHANDRA MALLICK,7 years 4 days ago
Rutu Prasad Sagariya,7 years 4 days ago
Amit Nayak,7 years 4 days ago
Subhajit Dutta,7 years 4 days ago
Shubham Sharma,7 years 4 days ago
Shubham Sharma,7 years 4 days ago
Shubham Sharma,7 years 4 days ago
Shubham Sharma,7 years 4 days ago
Shubham Sharma,7 years 4 days ago
Sachin Korla,7 years 4 days ago
Sachin Sharma,7 years 4 days ago
Manoj Chaudhari,7 years 4 days ago
Piyush Yadav,7 years 4 days ago
Piyush Yadav,7 years 4 days ago
MONOJIT DEBNATH,7 years 5 days ago
Jeethendra Kumar PK,7 years 5 days ago
Ashishrawat417,7 years 5 days ago
Aritra Mukhopadhyay,7 years 5 days ago
Gaurav Sharma,7 years 5 days ago
Gaurav Sharma,7 years 5 days ago
Biswajit Guchhait,7 years 5 days ago
RAVISHANKAR GUPTA,7 years 5 days ago
JAGDISH PATHAK,7 years 5 days ago
Damodar Lele,7 years 5 days ago
Damodar Lele,7 years 5 days ago
Damodar Lele,7 years 5 days ago
Surinder Singh,7 years 5 days ago
Prof. R. C. Agarwal CA,7 years 5 days ago
Pranoti Eknath Khandkar,7 years 5 days ago
Pranoti Eknath Khandkar,7 years 5 days ago
Akshay Rana_4,7 years 5 days ago
MANOJ GUPTA,7 years 5 days ago
SANJAY PRASAD_8,7 years 5 days ago
S A Sikindar Basha,7 years 5 days ago
S A Sikindar Basha,7 years 5 days ago
Jhuma Bhattacharya,7 years 5 days ago
Arvind Judge,7 years 5 days ago
Panchamrita Sharma,7 years 5 days ago
Rathod Mahesh Arjunbhai,7 years 5 days ago
The Concerned Mom,7 years 5 days ago
The Concerned Mom,7 years 5 days ago
The Concerned Mom,7 years 5 days ago
The Concerned Mom,7 years 5 days ago
The Concerned Mom,7 years 5 days ago
The Concerned Mom,7 years 5 days ago
The Concerned Mom,7 years 5 days ago
Ramaswamy,7 years 5 days ago
Ram Kishan Goenka,7 years 5 days ago
Harry Nath,7 years 5 days ago
Jogesh Thumati,7 years 5 days ago
Narayan Harne,7 years 5 days ago
Jogesh Thumati,7 years 5 days ago
Jeethendra Kumar PK,7 years 6 days ago
Purshottam Abbi,7 years 6 days ago
Gautam Kumar,7 years 6 days ago
Anakapalli Santosh Kumar,7 years 6 days ago
Sai Krishna,7 years 6 days ago
Sai Krishna,7 years 6 days ago
Sai Krishna,7 years 6 days ago
Abhilash Prasad Panda,7 years 6 days ago
Prem Kumawat Maan,7 years 6 days ago
Abhilash Prasad Panda,7 years 6 days ago
JAGDISH PATHAK,7 years 6 days ago
S.SURYAM,7 years 6 days ago
Prashant Singh,7 years 6 days ago
Anil Ramchandra Vaidya,7 years 6 days ago
Anil Ramchandra Vaidya,7 years 6 days ago
SANJAY MULJI VAKHARIA,7 years 6 days ago
Murli Chari,7 years 6 days ago
Murli Chari,7 years 6 days ago
Murli Chari,7 years 6 days ago
Ramana Reddy,7 years 6 days ago
DURGA SANKAR DAS,7 years 6 days ago
DURGA SANKAR DAS,7 years 6 days ago
Jeethendra Kumar PK,7 years 1 week ago
Saroj Kumar,7 years 1 week ago
Vijayaraj,7 years 1 week ago
CA Alkesh Kasliwal,7 years 1 week ago
CA Alkesh Kasliwal,7 years 1 week ago
Parvinder Singh,7 years 1 week ago
Akhilesh Kumar Bajpayee,7 years 1 week ago
Rajeev Poddar,7 years 1 week ago
Isha Razdan,7 years 1 week ago
JAGDISH PATHAK,7 years 1 week ago
Paresh Jani,7 years 1 week ago
Ashutosh Mishra,7 years 1 week ago
Ashutosh Mishra,7 years 1 week ago
Ankit Thakur,7 years 1 week ago
SUBHASH CHANDRA MALLICK,7 years 1 week ago
Rajesh Durugkar,7 years 1 week ago
Vipul Garg,7 years 1 week ago
Neelesh Gaurishankar Dumane,7 years 1 week ago
Vipul Garg,7 years 1 week ago
Vipul Garg,7 years 1 week ago
Raghavan Guruswami,7 years 1 week ago
DAMODARA BHAT,7 years 1 week ago
Santhosh Reddy_2,7 years 1 week ago
Jeethendra Kumar PK,7 years 1 week ago
Hrishikesh Soman,7 years 1 week ago
Hrishikesh Soman,7 years 1 week ago
Krishnaprasad Am,7 years 1 week ago
Hrishikesh Soman,7 years 1 week ago
Hrishikesh Soman,7 years 1 week ago
Mukesh Kumar Pandey_2,7 years 1 week ago
Kishan Lal,7 years 1 week ago
Dr. Devendra Singh,7 years 1 week ago
Dattatreya LR,7 years 1 week ago
Sandeep Goyal,7 years 1 week ago
Shilpishukla78,7 years 1 week ago
Vikas Garg,7 years 1 week ago
Arvind Mahishi,7 years 1 week ago
Gupta Manda,7 years 1 week ago
Gupta Manda,7 years 1 week ago
Ankur Kumar,7 years 1 week ago
Abhishek Shah,7 years 1 week ago
Ravin Padathu,7 years 1 week ago
SUNDARESWARAN K,7 years 1 week ago
Brajesh Tripathi,7 years 1 week ago
SUNDARESWARAN K,7 years 1 week ago
Brajesh Tripathi,7 years 1 week ago
SUNDARESWARAN K,7 years 1 week ago
Kalyan Basu,7 years 1 week ago
Vimal Pandey,7 years 1 week ago
JAGDISH PATHAK,7 years 1 week ago
Santanu Mukherjee,7 years 1 week ago
"NAVANATH RAUT,AssocRICS,MIS",7 years 1 week ago
Kalyanasundaram Srinivasan,7 years 1 week ago
LakshminarayanaRao,7 years 1 week ago
ROHAN GUPTA_22,7 years 1 week ago
Manish Mishra_63,7 years 1 week ago
Venketeswaran,7 years 1 week ago
Venketeswaran,7 years 1 week ago
Venketeswaran,7 years 1 week ago
Venketeswaran,7 years 1 week ago
Sribadrinath Balakrishnan,7 years 1 week ago
Himanshu Joshi,7 years 1 week ago
Pralhad Bhausaheb Patil,7 years 1 week ago
HEMANT RAMSURESH PANDEY,7 years 1 week ago
Majety Vijay Krishna,7 years 1 week ago
S Sukumar,7 years 1 week ago
Dinesh Neerav,7 years 1 week ago
Ravi Jagannath Mamidi,7 years 1 week ago
ASHOK AGGARWAL,7 years 1 week ago
Anamika Ji,7 years 1 week ago
GOBIND KALRA,7 years 1 week ago
Hawk Ship,7 years 1 week ago
Ajeet Kumar Tiwari,7 years 1 week ago
Jeethendra Kumar PK,7 years 1 week ago
Jeethendra Kumar PK,7 years 1 week ago
Jeethendra Kumar PK,7 years 1 week ago
Jeethendra Kumar PK,7 years 1 week ago
Arvind K Shukla,7 years 1 week ago
Rahul Patankar,7 years 1 week ago
Sumedha Rao,7 years 1 week ago
Ankit Shukla,7 years 1 week ago
Gaurav Prakash Jain,7 years 1 week ago
Debendra Nath Rout,7 years 1 week ago
Jayakrishnan H R Nair,7 years 1 week ago
Shunmugam,7 years 1 week ago
Milind,7 years 1 week ago
Nitin Lalchandani,7 years 1 week ago
Milind,7 years 1 week ago
Jayakrishnan H R Nair,7 years 1 week ago
Jayakrishnan H R Nair,7 years 1 week ago
SHIVRAM G KRISHNAN,7 years 1 week ago
Jayakrishnan H R Nair,7 years 1 week ago
Jayakrishnan H R Nair,7 years 1 week ago
Gaurav Gupta,7 years 1 week ago
Manishgo,7 years 1 week ago
Sai Pranay Reddy,7 years 1 week ago
SHANMUGANATHAN B Balasubramaniam,7 years 1 week ago
Chenthoorson,7 years 1 week ago
Shubhakoti Raghava Chary,7 years 1 week ago
Dr Usha Shukla,7 years 1 week ago
Piyush Sonthalia,7 years 1 week ago
PRAVEENKUMAR,7 years 1 week ago
PRAVEENKUMAR,7 years 1 week ago
Diksha Deo,7 years 1 week ago
Arun_169,7 years 1 week ago
Chaitanya Phani,7 years 1 week ago
Chaitanya Phani,7 years 1 week ago
Shanmugam B,7 years 1 week ago
Shubham Grover,7 years 1 week ago
Jayakrishnan H R Nair,7 years 1 week ago
Dr Virender Kumar,7 years 1 week ago
Jayakrishnan H R Nair,7 years 1 week ago
Jayakrishnan H R Nair,7 years 1 week ago
Neeraj Meena_3,7 years 1 week ago
P.Anilkumar,7 years 1 week ago
Padmanaban Unni P,7 years 1 week ago
ABHISHEK RANA,7 years 1 week ago
Jayakrishnan H R Nair,7 years 1 week ago
Srilakshmi,7 years 1 week ago
Srilakshmi,7 years 1 week ago
ANIL KUMAR K,7 years 1 week ago
ANIL KUMAR K,7 years 1 week ago
Ayan Choubisa,7 years 1 week ago
Hrishikesh Soman,7 years 1 week ago
Shrikant Kate,7 years 1 week ago
Dharamveer Singh Pal,7 years 1 week ago
Dharamveer Singh Pal,7 years 1 week ago
Shrinidhi Rao_1,7 years 1 week ago
Shrinidhi Rao_1,7 years 1 week ago
Sanjay Malhotra,7 years 1 week ago
KANAGARAJ R,7 years 1 week ago
Veeresh Kumar PM,7 years 1 week ago
Anil Ghegade,7 years 1 week ago
Anil Ghegade,7 years 1 week ago
Anil Ghegade,7 years 1 week ago
Radhakrishnan_8,7 years 1 week ago
Vijay Patankar,7 years 1 week ago
Murugan Gunasekaran,7 years 1 week ago
Vijay Patankar,7 years 1 week ago
Vijay Patankar,7 years 1 week ago
Madhusudan Bajaj,7 years 1 week ago
Madhusudan Bajaj,7 years 1 week ago
Shashank Patil,7 years 1 week ago
Chinmaya Kumar Behera,7 years 1 week ago
MOHIT TYAGI,7 years 1 week ago
MOHIT TYAGI,7 years 1 week ago
Kapilkoomar Jain,7 years 1 week ago
MOHIT TYAGI,7 years 1 week ago
Vishal Gupta,7 years 1 week ago
S SHAH,7 years 1 week ago
Hrishikesh Soman,7 years 1 week ago
Sanjay Sharma,7 years 1 week ago
Hrishikesh Soman,7 years 1 week ago
Sanjay Sharma,7 years 1 week ago
Nagarajan,7 years 1 week ago
Rahul Gite,7 years 1 week ago
Nagarajan,7 years 1 week ago
Hrishikesh Soman,7 years 1 week ago
Hrishikesh Soman,7 years 1 week ago
JAGDISH PATHAK,7 years 1 week ago
Dr. MANISH KUMAR SRIVASTAVA,7 years 1 week ago
Nagasubramaniam Siddharaju,7 years 1 week ago
Srinivasa Rao,7 years 1 week ago
Rajiv Ranjan,7 years 1 week ago
Prashant Singh,7 years 1 week ago
RAJEEV KUMAR_79,7 years 1 week ago
Ashutosh Kumar_117,7 years 1 week ago
Pravin Keshri,7 years 1 week ago
Pawan Dhar,7 years 1 week ago
Ramamohan Rao Dabburi,7 years 1 week ago
Gokulavan Jayaraman,7 years 1 week ago
Pankaj,7 years 1 week ago
Bhimrao C Tanga,7 years 1 week ago
Karthik Vanjarapu,7 years 1 week ago
Shweta Vishwakarma,7 years 1 week ago
Shweta Vishwakarma,7 years 1 week ago
PRODIP RUDRA,7 years 1 week ago
PRODIP RUDRA,7 years 1 week ago
Pradeep Kumar,7 years 1 week ago
Pradip Sahu,7 years 1 week ago
Aloke Hurra,7 years 1 week ago
Debjeet Modi,7 years 1 week ago
Giriraj Godani,7 years 1 week ago
Vinaykumar Pandey,7 years 1 week ago
Atul Kumar Maurya,7 years 1 week ago
Jeethendra Kumar PK,7 years 1 week ago
RAM S.,7 years 1 week ago
Niraj Kumar,7 years 1 week ago
JAGDISH PATHAK,7 years 1 week ago
Mayurraj,7 years 1 week ago
Pravin Keshri,7 years 1 week ago
Dr ASAWARI B G,7 years 1 week ago
Yogesh Chandra Pandey,7 years 1 week ago
Prav In,7 years 1 week ago
GAGAN PAL,7 years 1 week ago
Rahul Khojepatil,7 years 1 week ago
Gaur Hari Tiwari,7 years 1 week ago
Dinesh Kumar,7 years 1 week ago
Srijoy Palit,7 years 1 week ago
Unnikrishnan Nair M,7 years 1 week ago
Unnikrishnan Nair M,7 years 1 week ago
Unnikrishnan Nair M,7 years 1 week ago
Sanjeev Agarwal,7 years 1 week ago
J Radharaman,7 years 1 week ago
Sanjeev Agarwal,7 years 1 week ago
Pramendra Rai,7 years 1 week ago
Aloke Hurra,7 years 1 week ago
Aloke Hurra,7 years 1 week ago
Aloke Hurra,7 years 1 week ago
Sridhar Guptha,7 years 1 week ago
SANTOSH KUMAR,7 years 1 week ago
Vivek Gunvantrao Chavan,7 years 1 week ago
SUMANTA BISWAS,7 years 1 week ago
Rkjha,7 years 1 week ago
Ashish Kumar,7 years 1 week ago
Pramendra Khangarot,7 years 1 week ago
Anurag Kumar,7 years 1 week ago
JAGDISH PATHAK,7 years 1 week ago
Anand Meena,7 years 1 week ago
Vishal Sapale,7 years 1 week ago
SUDHAKARASHARMA,7 years 1 week ago
MOHAN LAL SHARMA,7 years 1 week ago
Dushyant Agarwal,7 years 1 week ago
Kumar Sunil,7 years 1 week ago
Kumar Sunil,7 years 1 week ago
SAURABH PAL,7 years 1 week ago
Parag Shah_1,7 years 1 week ago
KSHITIJ MATHUR,7 years 1 week ago
Narayan Harne,7 years 1 week ago
Govindu Kuruva,7 years 1 week ago
Narayan Harne,7 years 1 week ago
Leena,7 years 1 week ago
PRADEEP SHARMA,7 years 1 week ago
DINESH KUMAR GUPTA,7 years 1 week ago
BHIM KUMAR GUPTA,7 years 1 week ago
Hitesh Goyal,7 years 1 week ago
Hitesh Goyal,7 years 1 week ago
Sandeep Chand,7 years 1 week ago
Ranjan Kamath,7 years 1 week ago
Tanmoy Kumar Bharati,7 years 1 week ago
Saikumar Marri,7 years 1 week ago
Hitesh Mistry,7 years 1 week ago
Hitesh Mistry,7 years 1 week ago
Harpal Singh Rana,7 years 1 week ago
Jeethendra Kumar PK,7 years 1 week ago
ManiKandan_118,7 years 1 week ago
Purnachandra Sahoo,7 years 1 week ago
AMAR NATH TANDON,7 years 1 week ago
K Kumar,7 years 1 week ago
Samuel Ngupok Ringgo,7 years 1 week ago
Neelakant Patel,7 years 1 week ago
Neelakant Patel,7 years 1 week ago
Neelakant Patel,7 years 1 week ago
Rajendra Kartha,7 years 1 week ago
Anand Chouhan,7 years 1 week ago
MOMIN SAIKH,7 years 1 week ago
Prabose Arul,7 years 1 week ago
Ayan Choubisa,7 years 1 week ago
Sushil Bansal,7 years 1 week ago
Nimesh Nair,7 years 1 week ago
Nimesh Nair,7 years 1 week ago
Jagdish Patel_2,7 years 1 week ago
Dattatray Z,7 years 1 week ago
Sanjay Kumar Pandhi,7 years 2 weeks ago
Sanjay Kumar Pandhi,7 years 2 weeks ago
Ravi Kumar,7 years 2 weeks ago
Harsha M L,7 years 2 weeks ago
Jeethendra Kumar PK,7 years 2 weeks ago
Ashish_601,7 years 2 weeks ago
Ashish_601,7 years 2 weeks ago
Ashish_601,7 years 2 weeks ago
Shankar Kumar Bhattacharjee,7 years 2 weeks ago
Shankar Kumar Bhattacharjee,7 years 2 weeks ago
Anurag Anand_10,7 years 2 weeks ago
Raveesh Mehra,7 years 2 weeks ago
Raveesh Mehra,7 years 2 weeks ago
JYOTI SAHU,7 years 2 weeks ago
K N RAJAPPAN,7 years 2 weeks ago
Raveesh Mehra,7 years 2 weeks ago
Dr Janaswamy Venugopal,7 years 2 weeks ago
JAGDISH PATHAK,7 years 2 weeks ago
Dr Janaswamy Venugopal,7 years 2 weeks ago
Dr Janaswamy Venugopal,7 years 2 weeks ago
Mahaveer,7 years 2 weeks ago
Amit Yadav,7 years 2 weeks ago
Bharat Sanyal,7 years 2 weeks ago
Sunil Bulla,7 years 2 weeks ago
Binu_7,7 years 2 weeks ago
Binu_7,7 years 2 weeks ago
Sookthi Bhat,7 years 2 weeks ago
PRAKASHA RAO,7 years 2 weeks ago
Thamarai Selvi,7 years 2 weeks ago
Gajendra Dubey,7 years 2 weeks ago
Abhilash,7 years 2 weeks ago
Venkataraman Veera,7 years 2 weeks ago
Dhana Sekaran,7 years 2 weeks ago
Ajay Patel,7 years 2 weeks ago
Sudhansu Sekhar Dubey,7 years 2 weeks ago
RAHUL KUMAR,7 years 2 weeks ago
Vinod Yadav,7 years 2 weeks ago
Jeethendra Kumar PK,7 years 2 weeks ago
BAHADUR SINGH,7 years 2 weeks ago
Siddarameshwar Bulla,7 years 2 weeks ago
Dr Kamlesh Wadher,7 years 2 weeks ago
PRASAD PADMAKARRAOMAHAJAN,7 years 2 weeks ago
PRASAD PADMAKARRAOMAHAJAN,7 years 2 weeks ago
Deepak Puligadda,7 years 2 weeks ago
B Srinivasa Rao,7 years 2 weeks ago
B Srinivasa Rao,7 years 2 weeks ago
Gajendra Kumar Sahu,7 years 2 weeks ago
Gajendra Kumar Sahu,7 years 2 weeks ago
Gajendra Kumar Sahu,7 years 2 weeks ago
Gajendra Kumar Sahu,7 years 2 weeks ago
Gajendra Kumar Sahu,7 years 2 weeks ago
JAGDISH PATHAK,7 years 2 weeks ago
PRAKASH KUMAR,7 years 2 weeks ago
PRAKASH KUMAR,7 years 2 weeks ago
PRAKASH KUMAR,7 years 2 weeks ago
Dr Usha Shukla,7 years 2 weeks ago
Dr Usha Shukla,7 years 2 weeks ago
Dr Usha Shukla,7 years 2 weeks ago
Shubham Pundhir,7 years 2 weeks ago
Arihant Avtar Bhgwan,7 years 2 weeks ago
Usha Mogra,7 years 2 weeks ago
Usha Mogra,7 years 2 weeks ago
Usha Mogra,7 years 2 weeks ago
Arihant Avtar Bhgwan,7 years 2 weeks ago
ச.மோகன ராசு,7 years 2 weeks ago
Vk Sonakia,7 years 2 weeks ago
Yerram Raju Behara,7 years 2 weeks ago
Tanmoy Kumar Bharati,7 years 2 weeks ago
Kaustab Das,7 years 2 weeks ago
Shinde Arjun Sopanrao,7 years 2 weeks ago
Kaushik Merchant,7 years 2 weeks ago
Shinde Arjun Sopanrao,7 years 2 weeks ago
Kaushik Merchant,7 years 2 weeks ago
Nagarajan,7 years 2 weeks ago
Vivek Pratap Chauhan,7 years 2 weeks ago
Karthikeyan Venkadaswamy,7 years 2 weeks ago
Karthikeyan Venkadaswamy,7 years 2 weeks ago
Anurag Kulshreshtha,7 years 2 weeks ago
Dr. Pooja Gupta,7 years 2 weeks ago
Dr. Pooja Gupta,7 years 2 weeks ago
Dr Janaswamy Venugopal,7 years 2 weeks ago
Dr Janaswamy Venugopal,7 years 2 weeks ago
Dr Janaswamy Venugopal,7 years 2 weeks ago
Dr Janaswamy Venugopal,7 years 2 weeks ago
Neha Bhatia,7 years 2 weeks ago
Dr Janaswamy Venugopal,7 years 2 weeks ago
Angad Tiwari,7 years 2 weeks ago
Dr Janaswamy Venugopal,7 years 2 weeks ago
Kamendra Singh,7 years 2 weeks ago
Gautam Bhaduri,7 years 2 weeks ago
Tiwarivipin,7 years 2 weeks ago
Shukla Dr Pavan,7 years 2 weeks ago
Nithin Kumar,7 years 2 weeks ago
Shukla Dr Pavan,7 years 2 weeks ago
Shukla Dr Pavan,7 years 2 weeks ago
Saravaiya Jaydip,7 years 2 weeks ago
Nitya Anand Sharma,7 years 2 weeks ago
Rahul Gupta,7 years 2 weeks ago
Praveen K,7 years 2 weeks ago
Pratap Narain,7 years 2 weeks ago
Yogesh Gupta,7 years 2 weeks ago
G.S.AANDY,7 years 2 weeks ago
Kamlesh Muljibhai Bhagdev,7 years 2 weeks ago
SHEKHAR SALUNKE,7 years 2 weeks ago
Yathish Salian,7 years 2 weeks ago
Yathish Salian,7 years 2 weeks ago
Dr. JITENDRA KUMAR RAI,7 years 2 weeks ago
Dr. JITENDRA KUMAR RAI,7 years 2 weeks ago
MadhuChhanda Mohanty,7 years 2 weeks ago
Rajendra Vishwakarma_1,7 years 2 weeks ago
Ramamohan Rao Dabburi,7 years 2 weeks ago
Harish Tiwari,7 years 2 weeks ago
Jitendra Srivastava,7 years 2 weeks ago
Shiv Kumar,7 years 2 weeks ago
Badarul Islam,7 years 2 weeks ago
Nagarajan,7 years 2 weeks ago
DURGADAS_1,7 years 2 weeks ago
Jeetendra Bhai,7 years 2 weeks ago
Rakesh Singh,7 years 2 weeks ago
Jeetendra Bhai,7 years 2 weeks ago
Jeetendra Bhai,7 years 2 weeks ago
R Srikanth,7 years 2 weeks ago
Siddhartha Pandey,7 years 2 weeks ago
Vijay Kumar,7 years 2 weeks ago
Ramnees Kumar Mishra,7 years 2 weeks ago
Monika Jain,7 years 2 weeks ago
VENKATA S BATCHU,7 years 2 weeks ago
NAND KISHOR DAS,7 years 2 weeks ago
Harish Pawar,7 years 2 weeks ago
Nagarajan,7 years 2 weeks ago
Nagarajan,7 years 2 weeks ago
Vikneshraj S Ponnusamy,7 years 2 weeks ago
Navin Satpal Sharma,7 years 2 weeks ago
Navin Satpal Sharma,7 years 2 weeks ago
Dr Janaswamy Venugopal,7 years 2 weeks ago
Jyotsana Sharma,7 years 2 weeks ago
Somnath Balu Gaikwad,7 years 2 weeks ago
Jyotsana Sharma,7 years 2 weeks ago
Raj Singh,7 years 2 weeks ago
Raj Kumar,7 years 2 weeks ago
VIKAS BALDWA,7 years 2 weeks ago
Thakurprasad Thakur,7 years 2 weeks ago
Thakurprasad Thakur,7 years 2 weeks ago
Venkateswarlu D,7 years 2 weeks ago
LAXMINARAYANA PAI H,7 years 2 weeks ago
Venkateswarlu_6,7 years 2 weeks ago
Venkateswarlu_6,7 years 2 weeks ago
SAJEEV PADMANABHAN,7 years 2 weeks ago
SEBY JOSEPH,7 years 2 weeks ago
Somu Gojanur,7 years 2 weeks ago
S Madhavaramanan,7 years 2 weeks ago
Shivendra Rai,7 years 2 weeks ago
Sudhir Kumar,7 years 2 weeks ago
DR MITA NANDY,7 years 2 weeks ago
DR MITA NANDY,7 years 2 weeks ago
Sonali Mishra_5,7 years 2 weeks ago
SRIRANG SUTTRAWAY,7 years 2 weeks ago
SRIRANG SUTTRAWAY,7 years 2 weeks ago
RUMAN SARKAR,7 years 2 weeks ago
Harish Kumar,7 years 2 weeks ago
DIPANKAR NALUI,7 years 2 weeks ago
DIPANKAR NALUI,7 years 2 weeks ago
DIPANKAR NALUI,7 years 2 weeks ago
Sunder Sun,7 years 2 weeks ago
JIWAN ANUPAM,7 years 2 weeks ago
Narayan Harne,7 years 2 weeks ago
Narayan Harne,7 years 2 weeks ago
Midhun Madhu,7 years 2 weeks ago
Midhun Madhu,7 years 2 weeks ago
Dr Subrata Kumar Dash,7 years 2 weeks ago
GAUTAM ST,7 years 2 weeks ago
Dr Subrata Kumar Dash,7 years 2 weeks ago
Nagabhushan Machiraju,7 years 2 weeks ago
Jyoti Verma,7 years 2 weeks ago
Satish Kumar Sharma,7 years 2 weeks ago
Satish Kumar Sharma,7 years 2 weeks ago
Vijay Kumar Yadav,7 years 2 weeks ago
Jeet Shah,7 years 2 weeks ago
Jeet Shah,7 years 2 weeks ago
Jeet Shah,7 years 2 weeks ago
Jeet Shah,7 years 2 weeks ago
Sanjay Sharma_38,7 years 2 weeks ago
Sanjay Sharma_38,7 years 2 weeks ago
Srinivas,7 years 2 weeks ago
Srinivas,7 years 2 weeks ago
SHEKHAR SALUNKE,7 years 2 weeks ago
Kriti Gangwar,7 years 2 weeks ago
SHEKHAR SALUNKE,7 years 2 weeks ago
Venkataraman Veera,7 years 2 weeks ago
Unnikrishnan Nair M,7 years 2 weeks ago
PRODIP RUDRA,7 years 2 weeks ago
Unnikrishnan Nair M,7 years 2 weeks ago
Kriti Gangwar,7 years 2 weeks ago
Tilak Jha,7 years 2 weeks ago
Ramamohan Rao Dabburi,7 years 2 weeks ago
Ramamohan Rao Dabburi,7 years 2 weeks ago
Ramamohan Rao Dabburi,7 years 2 weeks ago
Ramamohan Rao Dabburi,7 years 2 weeks ago
Ramamohan Rao Dabburi,7 years 2 weeks ago
Bhanuprakash,7 years 2 weeks ago
MONTU MONDAL,7 years 2 weeks ago
KARTICK SARKAR,7 years 2 weeks ago
Niraj Tyagi,7 years 2 weeks ago
Rajender Kumar,7 years 2 weeks ago
Rajender Kumar,7 years 2 weeks ago
Rajender Kumar,7 years 2 weeks ago
Shinde Arjun Sopanrao,7 years 2 weeks ago
BHOOMA KUMARI,7 years 2 weeks ago
ARUN DHAMIJA,7 years 2 weeks ago
ARUN DHAMIJA,7 years 2 weeks ago
ARUN DHAMIJA,7 years 2 weeks ago
Gourab Chakraborty,7 years 2 weeks ago
ARUN DHAMIJA,7 years 2 weeks ago
Gopal Iyer,7 years 2 weeks ago
AKD Ashutosh Biswas,7 years 2 weeks ago
Vimal Sakariya,7 years 2 weeks ago
Alok Kumar Singh,7 years 2 weeks ago
Alok Kumar Singh,7 years 2 weeks ago
Anand Palanisamy,7 years 2 weeks ago
Rakshesh Bhatt,7 years 2 weeks ago
Anil K Yaduvanshi,7 years 2 weeks ago
VISHAL RAJENDRA NIMBOLKAR,7 years 2 weeks ago
Musharraf Ali,7 years 2 weeks ago
Suresh Verma,7 years 2 weeks ago
Deepak Jhanwar,7 years 2 weeks ago
Sandhya Anil,7 years 2 weeks ago
GAUTAM ST,7 years 2 weeks ago
Vijoy Kumar Mishra,7 years 2 weeks ago
Vijoy Kumar Mishra,7 years 2 weeks ago
Sreenivasa Pai K R,7 years 2 weeks ago
Rakesh Kapoor,7 years 2 weeks ago
Dr Sanjoy Guha Roy,7 years 2 weeks ago
SABIR AHMED MAZUMDER,7 years 2 weeks ago
Devdatta Thakare,7 years 2 weeks ago
Manish Mishra_7,7 years 2 weeks ago
Shreekant Joshi,7 years 2 weeks ago
Padma D,7 years 2 weeks ago
Shreekant Joshi,7 years 2 weeks ago
Rituraj Nayak,7 years 2 weeks ago
Anoop Tandon,7 years 2 weeks ago
Pawan Modi_1,7 years 2 weeks ago
Maheswara Rao,7 years 2 weeks ago
Jagat Suna,7 years 2 weeks ago
Vinod Kumar Gandotra,7 years 2 weeks ago
Mahesh Jinger,7 years 2 weeks ago
Bharat Roots,7 years 2 weeks ago
Amit Goel_12,7 years 2 weeks ago
Manu Kumar Sharma,7 years 2 weeks ago
Chandrasekaran Kesavan,7 years 2 weeks ago
Bhadresh Prajapati,7 years 2 weeks ago
Bhadresh Prajapati,7 years 2 weeks ago
Gaurang Damani,7 years 2 weeks ago
Sushil Kumar_7,7 years 2 weeks ago
Vasavi Kanamarlapudi,7 years 2 weeks ago
Arun Gautam,7 years 2 weeks ago
Rajesh Kumar,7 years 2 weeks ago
Rajesh Kumar,7 years 2 weeks ago
Manoj Singh_71,7 years 2 weeks ago
SUBHASH CHANDRA MALLICK,7 years 2 weeks ago
Suma K S,7 years 2 weeks ago
Suma K S,7 years 2 weeks ago
SUBHASH CHANDRA MALLICK,7 years 2 weeks ago
Dibyajyoti Guha,7 years 2 weeks ago
SUBHASH CHANDRA MALLICK,7 years 2 weeks ago
Ashutosh Upadhyay,7 years 2 weeks ago
Dibyajyoti Guha,7 years 2 weeks ago
Dibyajyoti Guha,7 years 2 weeks ago
Satish Kumar,7 years 2 weeks ago
PRAMOD SINGH,7 years 2 weeks ago
Satish Kumar,7 years 2 weeks ago
Yogesh Sharma,7 years 2 weeks ago
JagbirKaushik,7 years 2 weeks ago
Venugopal Sethu,7 years 2 weeks ago
SURYAKANT CHAUHAN,7 years 2 weeks ago
Sampurna Nand Verma,7 years 2 weeks ago
Priyanka Parashar,7 years 2 weeks ago
Vishal Supe,7 years 2 weeks ago
VIKASH KUMAR MISHRA,7 years 2 weeks ago
Smitac77,7 years 2 weeks ago
Smitac77,7 years 2 weeks ago
Mahesh Surve,7 years 2 weeks ago
Kadiravan,7 years 2 weeks ago
Shankar Kumar Bhattacharjee,7 years 2 weeks ago
Shankar Kumar Bhattacharjee,7 years 2 weeks ago
Vidya K P,7 years 2 weeks ago
Shankar Kumar Bhattacharjee,7 years 2 weeks ago
Vidya K P,7 years 2 weeks ago
Motilal Yadav,7 years 2 weeks ago
Vidya K P,7 years 2 weeks ago
Vidya K P,7 years 2 weeks ago
Motilal Yadav,7 years 2 weeks ago
Suraj Shukla,7 years 2 weeks ago
Dr.Baldev Chavda,7 years 2 weeks ago
Manohar Kumar Sinha,7 years 2 weeks ago
Reshma,7 years 2 weeks ago
Abinash Patra,7 years 2 weeks ago
Reshma,7 years 2 weeks ago
Reshma,7 years 2 weeks ago
PRIYESH KUMAR GUPT,7 years 2 weeks ago
N. SENTHILKUMAR,7 years 2 weeks ago
Nagarajan,7 years 2 weeks ago
SAMIRAN BHATTACHARYA,7 years 2 weeks ago
Kammili Nagamani,7 years 2 weeks ago
Realy Verma,7 years 2 weeks ago
Bonam Sree Rama Murthy,7 years 2 weeks ago
LKCT Indore,7 years 2 weeks ago
Giriraj Godani,7 years 2 weeks ago
Jodha23,7 years 2 weeks ago
PRAMOD SINGH,7 years 2 weeks ago
Dolagobinda Panda,7 years 2 weeks ago
RAMAYAN NAMDEO,7 years 2 weeks ago
Venugopal Sethu,7 years 2 weeks ago
Renukaradhya K Math,7 years 2 weeks ago
Jalpesh Kishor Modi,7 years 2 weeks ago
Jalpesh Kishor Modi,7 years 2 weeks ago
Avinash Kumar Singh_41,7 years 2 weeks ago
Prakash Lokhande Lokhande,7 years 2 weeks ago
Ravindra Himmatlal Chauhan,7 years 2 weeks ago
Ganesh AC,7 years 2 weeks ago
Amit Kumar,7 years 3 weeks ago
Prateek Malviya_1,7 years 3 weeks ago
Prateek Malviya_1,7 years 3 weeks ago
Jasmeet Ghumman,7 years 3 weeks ago
Jasmeet Ghumman,7 years 3 weeks ago
Jasmeet Ghumman,7 years 3 weeks ago
Jasmeet Ghumman,7 years 3 weeks ago
BAL KRISHNA MISHRA,7 years 3 weeks ago
Nagarajan,7 years 3 weeks ago
Nagarajan,7 years 3 weeks ago
ANA SINHA,7 years 3 weeks ago
Sanjeev Singhal,7 years 3 weeks ago
Shagil A,7 years 3 weeks ago
Jay Rana,7 years 3 weeks ago
Shrikant Watawe,7 years 3 weeks ago
Shankar Kumar Bhattacharjee,7 years 3 weeks ago
Shankar Kumar Bhattacharjee,7 years 3 weeks ago
Himanshumurari Rai,7 years 3 weeks ago
Himanshumurari Rai,7 years 3 weeks ago
Muthuselvam D,7 years 3 weeks ago
GAGAN PAL,7 years 3 weeks ago
Alka Verma,7 years 3 weeks ago
NAGESH MARLUR,7 years 3 weeks ago
Natarajan Chellappan,7 years 3 weeks ago
Raghvendra Joshi,7 years 3 weeks ago
Ram_272,7 years 3 weeks ago
Faheem_9,7 years 3 weeks ago
Manish Patel,7 years 3 weeks ago
S S Manivannan,7 years 3 weeks ago
S S Manivannan,7 years 3 weeks ago
Nagendrasena Manyam,7 years 3 weeks ago
Poet Shailesh Shukla,7 years 3 weeks ago
Poet Shailesh Shukla,7 years 3 weeks ago
S.Divyanga,7 years 3 weeks ago
Naresh Rajan,7 years 3 weeks ago
Sushanta De,7 years 3 weeks ago
GOVINDARAJU RAMABHADRA RAO,7 years 3 weeks ago
Sushanta De,7 years 3 weeks ago
Sushanta De,7 years 3 weeks ago
Pindoriya Ghanshyam,7 years 3 weeks ago
Santosh Kumar,7 years 3 weeks ago
Mayank Jodh,7 years 3 weeks ago
P SUDARSANAM,7 years 3 weeks ago
Somashekarappa G.S.,7 years 3 weeks ago
Kumar Sunil,7 years 3 weeks ago
Rakesh Jain,7 years 3 weeks ago
Kaushal Somani,7 years 3 weeks ago
Rajat Sharma_75,7 years 3 weeks ago
Sandeep Goyal,7 years 3 weeks ago
Rabish_9,7 years 3 weeks ago
Harish Jogi,7 years 3 weeks ago
Rabish_9,7 years 3 weeks ago
Rabish_9,7 years 3 weeks ago
Rabish_9,7 years 3 weeks ago
UDAY SHANKAR HARIDOSS,7 years 3 weeks ago
Umesh Aawte,7 years 3 weeks ago
Pradeep Kumar Bhatt,7 years 3 weeks ago
Prakash Gupta,7 years 3 weeks ago
Prakash Gupta,7 years 3 weeks ago
Jayant Tiwari,7 years 3 weeks ago
Prashant Pal_13,7 years 3 weeks ago
BHUPENDRA SINGH,7 years 3 weeks ago
ChambulePradeep,7 years 3 weeks ago
CHHABI RANDHARI,7 years 3 weeks ago
Jayant Malviya,7 years 3 weeks ago
Dr V V Narendra Kumar,7 years 3 weeks ago
Dr V V Narendra Kumar,7 years 3 weeks ago
Aparna Phadke,7 years 3 weeks ago
Muthuselvam D,7 years 3 weeks ago
Mrigendu Dutta,7 years 3 weeks ago
ATAL RAI,7 years 3 weeks ago
Sushmendra Dwivedi,7 years 3 weeks ago
Vasudev Group,7 years 3 weeks ago
P RAMESH,7 years 3 weeks ago
Devendra Kumar,7 years 3 weeks ago
Narayanan S,7 years 3 weeks ago
Narayanan S,7 years 3 weeks ago
NANDAN SHERLEKAR,7 years 3 weeks ago
Girendra Sharma,7 years 3 weeks ago
Sandeep Singh_188,7 years 3 weeks ago
Venkateswaran,7 years 3 weeks ago
Santosh Kumar,7 years 3 weeks ago
Sanjay Sharma_38,7 years 3 weeks ago
Sanjay Sureka,7 years 3 weeks ago
Sanjay Sureka,7 years 3 weeks ago
Dhana Sekaran,7 years 3 weeks ago
Ramanuj Mitra,7 years 3 weeks ago
Dhana Sekaran,7 years 3 weeks ago
Nagarajan,7 years 3 weeks ago
Pradhuman Khuman,7 years 3 weeks ago
Debi Prasad Mishra,7 years 3 weeks ago
Abhijit Pande,7 years 3 weeks ago
Rajkumar L Kankariya,7 years 3 weeks ago
Venkatesh Birada,7 years 3 weeks ago
Shivanand Tippa,7 years 3 weeks ago
Rohit Dandapat,7 years 3 weeks ago
Yuvraj Chibber,7 years 3 weeks ago
Yuvraj Chibber,7 years 3 weeks ago
Yuvraj Chibber,7 years 3 weeks ago
Yuvraj Chibber,7 years 3 weeks ago
Yuvraj Chibber,7 years 3 weeks ago
Yuvraj Chibber,7 years 3 weeks ago
Yuvraj Chibber,7 years 3 weeks ago
Sushant Gautam,7 years 3 weeks ago
Abhishek Bansal_31,7 years 3 weeks ago
Gajesh Malakar,7 years 3 weeks ago
Ram Ghar Bharan,7 years 3 weeks ago
KAMLESH D PATEL,7 years 3 weeks ago
Gajesh Malakar,7 years 3 weeks ago
Lavanya Ravala,7 years 3 weeks ago
Prashant Agarwal,7 years 3 weeks ago
Gajesh Malakar,7 years 3 weeks ago
DhavanBhayani,7 years 3 weeks ago
DhavanBhayani,7 years 3 weeks ago
Pankaj Ramani,7 years 3 weeks ago
Mukesh Doshi,7 years 3 weeks ago
Mukesh Doshi,7 years 3 weeks ago
Balasubramanian Sharma,7 years 3 weeks ago
Suranjan Samanta,7 years 3 weeks ago
AMARNATH CHAKRABORTY,7 years 3 weeks ago
Sunil Kumar Hiralal Auluck,7 years 3 weeks ago
Ashish.Raj,7 years 3 weeks ago
Dr Laxmi Kant Bhardwaj,7 years 3 weeks ago
Rahul Agrawal,7 years 3 weeks ago
Rahul Agrawal,7 years 3 weeks ago
Yash Modi,7 years 3 weeks ago
Rahul,7 years 3 weeks ago
Gulshan Singh,7 years 3 weeks ago
Kishan Lal,7 years 3 weeks ago
Anshuman Bakshi,7 years 3 weeks ago
Anshuman Bakshi,7 years 3 weeks ago
Gurpal Singh,7 years 3 weeks ago
GAURAV GUPTA,7 years 3 weeks ago
Arijit Chakraborty,7 years 3 weeks ago
Sambo Siva,7 years 3 weeks ago
Venkatesh Kakuru,7 years 3 weeks ago
Dhirendra Tyagi,7 years 3 weeks ago
Shekhar Jadhav,7 years 3 weeks ago
Gaurav Sharma,7 years 3 weeks ago
Shekhar Jadhav,7 years 3 weeks ago
Zulkharnine Sultana,7 years 3 weeks ago
Shreyansh Mantri,7 years 3 weeks ago
Manish Kalia,7 years 3 weeks ago
Shreyansh Mantri,7 years 3 weeks ago
MEENA KAPAHI,7 years 3 weeks ago
MANISH SAHU,7 years 3 weeks ago
MANISH SAHU,7 years 3 weeks ago
MANISH SAHU,7 years 3 weeks ago
MANISH SAHU,7 years 3 weeks ago
Kota Kalyana Chakravarthy,7 years 3 weeks ago
Kota Kalyana Chakravarthy,7 years 3 weeks ago
Kota Kalyana Chakravarthy,7 years 3 weeks ago
AUSULA SHIVA SHANKAR,7 years 3 weeks ago
Kamlesh Goel,7 years 3 weeks ago
GORACHAND MUKHERJEE,7 years 3 weeks ago
Gaurav Sharma,7 years 3 weeks ago
Dr.Manju.Puri,7 years 3 weeks ago
Vishnuu Kp,7 years 3 weeks ago
Vishnuu Kp,7 years 3 weeks ago
Bharat Purohit,7 years 3 weeks ago
NISHANT KUMAR,7 years 3 weeks ago
Shantanu Singh,7 years 3 weeks ago
Harsha Pande,7 years 3 weeks ago
Parul Joshi,7 years 3 weeks ago
Subrata Das,7 years 3 weeks ago
A Kr,7 years 3 weeks ago
Subrata Das,7 years 3 weeks ago
Subrata Das,7 years 3 weeks ago
Subrata Das,7 years 3 weeks ago
Dinesh Tyagi,7 years 3 weeks ago
Anand Verma,7 years 3 weeks ago
Hemant Kumar,7 years 3 weeks ago
Harish Kumar,7 years 3 weeks ago
Balakrishnan B,7 years 3 weeks ago
MD SALMAN,7 years 3 weeks ago
Mukesh Mishra,7 years 3 weeks ago
Aditya Shukla,7 years 3 weeks ago
Aditya Shukla,7 years 3 weeks ago
Aditya Shukla,7 years 3 weeks ago
SUMEET AGARWAL_1,7 years 3 weeks ago
Tushar Bhagwan Adik,7 years 3 weeks ago
Prem Sobti,7 years 3 weeks ago
Himani Gautam,7 years 3 weeks ago
Nitin B Shenolikar,7 years 3 weeks ago
Dr Vikas Mahatme,7 years 3 weeks ago
Madne Laxman Dhondiba,7 years 3 weeks ago
Rahul Kumar,7 years 3 weeks ago
Praphull Sinha,7 years 3 weeks ago
Swapnil Patil,7 years 3 weeks ago
DN Bende,7 years 3 weeks ago
Harish Dwivedi,7 years 3 weeks ago
Jaydeep Bhatt,7 years 3 weeks ago
MANOJ KUMAR VERMA,7 years 3 weeks ago
Jay Chan,7 years 3 weeks ago
SANKARA RAO GOTTAPU,7 years 3 weeks ago
SANKARA RAO GOTTAPU,7 years 3 weeks ago
Vinay Tiwari,7 years 3 weeks ago
Great Patriot,7 years 3 weeks ago
Great Patriot,7 years 3 weeks ago
Great Patriot,7 years 3 weeks ago
Great Patriot,7 years 3 weeks ago
Joy D'Souza,7 years 3 weeks ago
Joy D'Souza,7 years 3 weeks ago
Aditya Keshav,7 years 3 weeks ago
Shiv Tiwari,7 years 3 weeks ago
Shiv Tiwari,7 years 3 weeks ago
HP JALAN,7 years 3 weeks ago
Rajendra Patidar Add DIO,7 years 3 weeks ago
Mrinmoy Chakraborty,7 years 3 weeks ago
SAMPATHKUMARAN SS,7 years 3 weeks ago
Sunny Pandey_2,7 years 3 weeks ago
Sunny Pandey_2,7 years 3 weeks ago
Sunny Pandey_2,7 years 3 weeks ago
Vijay Sharma,7 years 3 weeks ago
Aashish Sharma,7 years 3 weeks ago
Dr Janaswamy Venugopal,7 years 3 weeks ago
Dr Janaswamy Venugopal,7 years 3 weeks ago
Dr Janaswamy Venugopal,7 years 3 weeks ago
Shubham Gupta,7 years 3 weeks ago
Shubham Gupta,7 years 3 weeks ago
Malvinder Singh Dhillon,7 years 3 weeks ago
Ajeet Dhakar,7 years 3 weeks ago
Kumar Surya Pratap Singh,7 years 3 weeks ago
Shanmuk Munji,7 years 3 weeks ago
V Venkatesh Prasad,7 years 3 weeks ago
SANDRA AVINASH,7 years 3 weeks ago
Ambrish Lodhi,7 years 3 weeks ago
Bharat Satpathy,7 years 3 weeks ago
Pankaj Rustagi,7 years 3 weeks ago
Harshit Sharma,7 years 3 weeks ago
Sanjay_3314,7 years 3 weeks ago
Sandeep Srivastava,7 years 3 weeks ago
Sandeep Srivastava,7 years 3 weeks ago
SANTOSH SINGH NEGI,7 years 3 weeks ago
Amrit Panda,7 years 3 weeks ago
Abhay Pratap Singh_5,7 years 3 weeks ago
NAVEEN GWALIA,7 years 3 weeks ago
Sumit Deb,7 years 3 weeks ago
JAGDISH PATHAK,7 years 3 weeks ago
Uttam Govind Gavand,7 years 3 weeks ago
ISSAN MATHEW JOHN,7 years 3 weeks ago
Kiran Kumar Botla,7 years 3 weeks ago
JIDUGU JANARDHANA RAO,7 years 3 weeks ago
Alok Tripathi,7 years 3 weeks ago
JIDUGU JANARDHANA RAO,7 years 3 weeks ago
Jai Bhagwan Kundu,7 years 3 weeks ago
Anjali Velhankar,7 years 3 weeks ago
Sukanta Kumar Sahoo,7 years 3 weeks ago
Satish Kulkarni,7 years 3 weeks ago
M D Rajendra Jain,7 years 3 weeks ago
Vijay Kumar,7 years 3 weeks ago
Jaideep Das,7 years 3 weeks ago
Anand Gangdharan,7 years 3 weeks ago
Anand Gangdharan,7 years 3 weeks ago
Shraddha Srivastava_2,7 years 3 weeks ago
Vinod Pandey,7 years 3 weeks ago
Vinod Pandey,7 years 3 weeks ago
Sarvesh Kumar_3,7 years 3 weeks ago
Anilkumar Edakkattil,7 years 3 weeks ago
RAKESH KUMAR YADAV_26,7 years 3 weeks ago
VIDYA SAGAR PARIHAR,7 years 3 weeks ago
Ravi Yadav,7 years 3 weeks ago
Shahmanoj,7 years 3 weeks ago
Vishal Kumar,7 years 3 weeks ago
Anil Sharma,7 years 3 weeks ago
Ashish Kumar Choubey,7 years 3 weeks ago
Narendra Dave,7 years 3 weeks ago
Bhavna Singhal,7 years 3 weeks ago
Ashok Kumar,7 years 3 weeks ago
CHANDRA KANT SHARMA,7 years 3 weeks ago
CHANDRA KANT SHARMA,7 years 3 weeks ago
Kunal Ranjan,7 years 3 weeks ago
Ruldu Ram,7 years 3 weeks ago
Navean Ramkumar,7 years 3 weeks ago
Sanjeev Bhatnagar,7 years 3 weeks ago
Sanjeev Bhatnagar,7 years 3 weeks ago
Mukesh Shakyawar,7 years 3 weeks ago
Ruchi Sood,7 years 3 weeks ago
Nitish Bhardwaj_16,7 years 3 weeks ago
Pooja Bohra,7 years 3 weeks ago
NAVNEET MISHRA_35,7 years 3 weeks ago
Shailesh Pathak,7 years 3 weeks ago
Surender,7 years 3 weeks ago
Nagarajan,7 years 3 weeks ago
Nagarajan,7 years 3 weeks ago
Tejaskumar Samatbhai Dodiya,7 years 3 weeks ago
Tejaskumar Samatbhai Dodiya,7 years 3 weeks ago
Tejaskumar Samatbhai Dodiya,7 years 3 weeks ago
Tejaskumar Samatbhai Dodiya,7 years 3 weeks ago
Mukesh Karnatak,7 years 3 weeks ago
DEVENDRA MAHTO,7 years 3 weeks ago
Surendra Kumar,7 years 3 weeks ago
Pradeep Verma_7,7 years 3 weeks ago
KAYGUDE SATISH PRAKASH,7 years 3 weeks ago
Satish Gupta,7 years 3 weeks ago
Nitin Singh Rajput,7 years 3 weeks ago
Shoman_Mandal,7 years 3 weeks ago
Karle Yogesh Gopinath,7 years 3 weeks ago
Parikhit Dasmohapatra,7 years 3 weeks ago
Vandana Mahar,7 years 3 weeks ago
Prof A Gopalakrishnan Iyer,7 years 3 weeks ago
Kanak Saumya Chauhan,7 years 3 weeks ago
Kanak Saumya Chauhan,7 years 3 weeks ago
Umesh Kumar Pandey,7 years 3 weeks ago
Brajesh Kumar Singh_23,7 years 3 weeks ago
Umesh Kumar Pandey,7 years 3 weeks ago
Sunitha,7 years 3 weeks ago
Niraj Kumar Kotadia,7 years 3 weeks ago
Madne Laxman Dhondiba,7 years 3 weeks ago
Dr Kalyana Sundaram,7 years 3 weeks ago
Kamal Lakhera,7 years 3 weeks ago
Kamal Lakhera,7 years 3 weeks ago
Dinesh Sah,7 years 3 weeks ago
Niraj Kumar,7 years 3 weeks ago
Niraj Kumar,7 years 3 weeks ago
Niraj Kumar,7 years 3 weeks ago
Niraj Kumar,7 years 3 weeks ago
Niraj Kumar,7 years 3 weeks ago
Dr Kalyana Sundaram,7 years 3 weeks ago
Niraj Kumar,7 years 3 weeks ago
Niraj Kumar,7 years 3 weeks ago
Niraj Kumar,7 years 3 weeks ago
Niraj Kumar,7 years 3 weeks ago
Niraj Kumar,7 years 3 weeks ago
Ashok Kumar_442,7 years 3 weeks ago
Vilop K G,7 years 3 weeks ago
Vilop K G,7 years 3 weeks ago
Vilop K G,7 years 3 weeks ago
Vilop K G,7 years 3 weeks ago
K G VILOP,7 years 3 weeks ago
K G VILOP,7 years 3 weeks ago
K G VILOP,7 years 3 weeks ago
K G VILOP,7 years 3 weeks ago
K G VILOP,7 years 3 weeks ago
Harish Boraiah,7 years 3 weeks ago
SWAPANLAL CHAUDHURI,7 years 3 weeks ago
Siva Raman,7 years 3 weeks ago
ANIL TANDON,7 years 3 weeks ago
Gaurav Kumar,7 years 3 weeks ago
Shubham Bhardwaj,7 years 3 weeks ago
Vikash Kumar,7 years 3 weeks ago
KRISHNASWAMI PARTHASARATHY,7 years 3 weeks ago
Vikash Kumar,7 years 3 weeks ago
Devendra Yadav_1,7 years 3 weeks ago
AMIT KUMAR,7 years 3 weeks ago
Giriraj Godani,7 years 3 weeks ago
Ajay_601,7 years 3 weeks ago
Sanjeev Kumar,7 years 3 weeks ago
Animesh Garg,7 years 3 weeks ago
D S VENKATESWARLU,7 years 3 weeks ago
Animesh Garg,7 years 3 weeks ago
Manoj Kumar Sinha,7 years 3 weeks ago
Bharat Dixit,7 years 3 weeks ago
Prateek Singh Chauhan,7 years 3 weeks ago
Sunil Yadav,7 years 3 weeks ago
Dinesh Kumar Gupta_2,7 years 3 weeks ago
Hasmukh Patel,7 years 3 weeks ago
Vishal Shinde,7 years 3 weeks ago
Puneet Teotia,7 years 3 weeks ago
NANDINI YOGI,7 years 3 weeks ago
Vrushali Sankpal,7 years 3 weeks ago
Raja Agarwal,7 years 3 weeks ago
Anil Kumar,7 years 3 weeks ago
Anil Kumar,7 years 3 weeks ago
Amber Dixit,7 years 3 weeks ago
Rishabh Jain,7 years 3 weeks ago
Viswanaath,7 years 3 weeks ago
Bharath_86,7 years 3 weeks ago
Vamshidhar CH,7 years 3 weeks ago
Vamshidhar CH,7 years 3 weeks ago
Satish_234,7 years 3 weeks ago
Vivek Pallav,7 years 3 weeks ago
Vinod Mahadeo Jadhav,7 years 3 weeks ago
Dr Nidhi Dwivedy,7 years 3 weeks ago
JAVVAJI V R V S SATISH,7 years 3 weeks ago
MILANKUMAR VINODCHANDRA BAROT,7 years 3 weeks ago
Bhavesh Lodha,7 years 3 weeks ago
SUMEDHA GAUR,7 years 3 weeks ago
Vikas Dighe,7 years 3 weeks ago
Jawahar Paudwal,7 years 3 weeks ago
Vishnu Pradeesh,7 years 3 weeks ago
Lalit Kumar Gupta,7 years 3 weeks ago
Mallikarjun Janardan,7 years 3 weeks ago
Lalit Kumar Gupta,7 years 3 weeks ago
Lalit Kumar Gupta,7 years 3 weeks ago
K.C.Varun Kumar,7 years 3 weeks ago
George Jacob,7 years 3 weeks ago
Dr Janaswamy Venugopal,7 years 3 weeks ago
Drvag Sobha,7 years 3 weeks ago
Uday N Dubey,7 years 3 weeks ago
Vishal Parikh,7 years 3 weeks ago
Shobana Shama,7 years 3 weeks ago
V Evelyn Brindha,7 years 4 weeks ago
Dr Neetesh Purohit,7 years 4 weeks ago
Shreeganesh V Nair,7 years 4 weeks ago
Shreeganesh V Nair,7 years 4 weeks ago
Shreeganesh V Nair,7 years 4 weeks ago
RAJ KUMAR,7 years 4 weeks ago
RAJ KUMAR,7 years 4 weeks ago
Apurba Das,7 years 4 weeks ago
Omkar Panicker,7 years 4 weeks ago
Manish T I,7 years 4 weeks ago
Jithesh Gopal,7 years 4 weeks ago
MANOJ GHANSHYAM SHUKLA,7 years 4 weeks ago
Shradha Jha,7 years 4 weeks ago
Shradha Jha,7 years 4 weeks ago
JAGDISH PATHAK,7 years 4 weeks ago
Ankit Sarkar_1,7 years 4 weeks ago
Faizan Sarwar,7 years 4 weeks ago
Rajesh Durugkar,7 years 4 weeks ago
Rajesh Durugkar,7 years 4 weeks ago
SHANMUGANATHAN B Balasubramaniam,7 years 4 weeks ago
SHANMUGANATHAN B Balasubramaniam,7 years 4 weeks ago
SHANMUGANATHAN B Balasubramaniam,7 years 4 weeks ago
Narayan Harne,7 years 4 weeks ago
Kamal Lakhera,7 years 4 weeks ago
Kamal Lakhera,7 years 4 weeks ago
Ujas Modi,7 years 4 weeks ago
Ashish Kumar,7 years 4 weeks ago
Rakesh Nahar,7 years 4 weeks ago
UMA SHANKAR,7 years 4 weeks ago
Vijayakumar Subbiah,7 years 4 weeks ago
Saurabh Mittal,7 years 4 weeks ago
Abhimanyu Singh,7 years 4 weeks ago
Ajay Shrivastava,7 years 4 weeks ago
Joseph_5,7 years 4 weeks ago
Gaurav Agarwal,7 years 4 weeks ago
Jeethendra Kumar PK,7 years 4 weeks ago
Bharat Bhansali,7 years 4 weeks ago
Rajeev Upadhyay,7 years 4 weeks ago
Manoj Manjari Mahanta,7 years 4 weeks ago
VIKAS Punia,7 years 4 weeks ago
VIKAS Punia,7 years 4 weeks ago
SUNIL KUMAR PATEL,7 years 4 weeks ago
Deepak Padalia,7 years 4 weeks ago
Rajul Goyal,7 years 4 weeks ago
Rajul Goyal,7 years 4 weeks ago
Rajul Goyal,7 years 4 weeks ago
Dr Janaswamy Venugopal,7 years 4 weeks ago
Dr Janaswamy Venugopal,7 years 4 weeks ago
Dr Janaswamy Venugopal,7 years 4 weeks ago
Dr Janaswamy Venugopal,7 years 4 weeks ago
Dr Janaswamy Venugopal,7 years 4 weeks ago
Priya Ranjan,7 years 4 weeks ago
JAGDISH PATHAK,7 years 4 weeks ago
JAIKARAN SINGH,7 years 4 weeks ago
JAIKARAN SINGH,7 years 4 weeks ago
Yogesh Agrawal,7 years 4 weeks ago
VIKRAM SINGH YADAV,7 years 4 weeks ago
Rupa Sravanthi,7 years 4 weeks ago
Anup Mhetre,7 years 4 weeks ago
Manas Agrawal,7 years 4 weeks ago
Bhagwan Das Prajapati,7 years 4 weeks ago
Paromita Bhattacharya,7 years 4 weeks ago
Mk Madhukar,7 years 4 weeks ago
Sulagna Bhattacharya,7 years 4 weeks ago
Sanjeev Prasher,7 years 4 weeks ago
Sanju189@Gmail.Com,7 years 4 weeks ago
Ritesh Joshi,7 years 4 weeks ago
Saumya Sinha,7 years 4 weeks ago
Avinash Jha,7 years 4 weeks ago
Manish Upadhyay,7 years 4 weeks ago
Patel Ajaykumar,7 years 4 weeks ago
Sagar Paswan,7 years 4 weeks ago
Pramod Bhoja Shettigar,7 years 4 weeks ago
Jeethendra Kumar PK,7 years 4 weeks ago
CHANDRU MANICKAVASAGAM,7 years 4 weeks ago
Bhuwan Singh Rawat,7 years 4 weeks ago
SUDHIR SALKE,7 years 4 weeks ago
Upasana Chauhan,7 years 4 weeks ago
Kartik Singh,7 years 4 weeks ago
Bhuwan Singh Rawat,7 years 4 weeks ago
Dr. Devendra Singh,7 years 4 weeks ago
Chandresh Vyas,7 years 4 weeks ago
Animesh Garg,7 years 1 month ago
Aditya Nath Jha,7 years 1 month ago
Animesh Garg,7 years 1 month ago
Anil Kumar,7 years 1 month ago
Amalendu Das,7 years 1 month ago
Ankit Mitkari,7 years 1 month ago
Yogesh Sharma,7 years 1 month ago
Ankit Mitkari,7 years 1 month ago
Yogesh Sharma,7 years 1 month ago
Prabhjot Singh_23,7 years 1 month ago
Prabhjot Singh_23,7 years 1 month ago
RAHUL MARATHE,7 years 1 month ago
Shankar Kumar Bhattacharjee,7 years 1 month ago
Shankar Kumar Bhattacharjee,7 years 1 month ago
Dr Janaswamy Venugopal,7 years 1 month ago
Dr Janaswamy Venugopal,7 years 1 month ago
SHRINIVAS SHETTI,7 years 1 month ago
Dr Janaswamy Venugopal,7 years 1 month ago
Amit Tyagi,7 years 1 month ago
Dr Janaswamy Venugopal,7 years 1 month ago
Dr Janaswamy Venugopal,7 years 1 month ago
Dr Janaswamy Venugopal,7 years 1 month ago
RAJNEESH KUMAR ASTHANA Rajneesh,7 years 1 month ago
Dr Janaswamy Venugopal,7 years 1 month ago
VASANT WASUDEV AMBEKAR,7 years 1 month ago
Dr Janaswamy Venugopal,7 years 1 month ago
Dr Janaswamy Venugopal,7 years 1 month ago
VINOD SHARMA,7 years 1 month ago
Harshvardhantri,7 years 1 month ago
Chavali V R G Deekshitulu,7 years 1 month ago
Prateek Agrawal,7 years 1 month ago
Kamal Sharma_61,7 years 1 month ago
Ranjeeth Nadella,7 years 1 month ago
Basant Kumar_28,7 years 1 month ago
Arun Soni,7 years 1 month ago
Shivnath Tiwari,7 years 1 month ago
Shivnath Tiwari,7 years 1 month ago
Yogesh Purushottam Ghumde,7 years 1 month ago
Pranaya Rawat,7 years 1 month ago
Piyush Maheshwari,7 years 1 month ago
Ashutosh Upadhyay,7 years 1 month ago
Laxman SINGH,7 years 1 month ago
Krishna Kant Sharma,7 years 1 month ago
Bibhuti Narayan Singh,7 years 1 month ago
Dr Janaswamy Venugopal,7 years 1 month ago
Shyam Singh,7 years 1 month ago
Dr Janaswamy Venugopal,7 years 1 month ago
Dr Janaswamy Venugopal,7 years 1 month ago
Avinash Dhakne,7 years 1 month ago
Dr Janaswamy Venugopal,7 years 1 month ago
Dr Janaswamy Venugopal,7 years 1 month ago
Bibhuti Narayan Singh,7 years 1 month ago
Dr Janaswamy Venugopal,7 years 1 month ago
Rakeshwar Verma,7 years 1 month ago
Mukesh Acharya,7 years 1 month ago
BARSHA JALAN,7 years 1 month ago
Abhijat Shrivastava,7 years 1 month ago
Prashant Shukla,7 years 1 month ago
Abhishek Goel,7 years 1 month ago
Chinmay Panth,7 years 1 month ago
Shailesh Kumar Shrivastava,7 years 1 month ago
Anjani Kumar,7 years 1 month ago
Anjani Kumar,7 years 1 month ago
Ajit Dass,7 years 1 month ago
Sadasivam Veema,7 years 1 month ago
Ramesh Reddy Kondapu,7 years 1 month ago
Dharmesh Mehta,7 years 1 month ago
Amit Sharma,7 years 1 month ago
Amit Sharma,7 years 1 month ago
Veera Chowdary Chava,7 years 1 month ago
Biradar Imam Patel,7 years 1 month ago
Biradar Imam Patel,7 years 1 month ago
Goutam Choudhury,7 years 1 month ago
Abhijit Raorane,7 years 1 month ago
Abhijit Raorane,7 years 1 month ago
Mariappan Madasamy,7 years 1 month ago
Manish Subhash Badgujar,7 years 1 month ago
Manan Mathur,7 years 1 month ago
MURLIDHAR MISHRA,7 years 1 month ago
Manan Mathur,7 years 1 month ago
Amardeep,7 years 1 month ago
Amardeep,7 years 1 month ago
MURLIDHAR MISHRA,7 years 1 month ago
RAMAKANT SUDHANSHU,7 years 1 month ago
Tanuja Bharti,7 years 1 month ago
Anurodh Kumar,7 years 1 month ago
Anurodh Kumar,7 years 1 month ago
JAGDISH PATHAK,7 years 1 month ago
Rajesh Singh,7 years 1 month ago
RAMESH_542,7 years 1 month ago
Dipesh Sahni,7 years 1 month ago
RAMESH_542,7 years 1 month ago
Ramesh Balla Naidu,7 years 1 month ago
Souvik Chatterjee,7 years 1 month ago
Shankar Kumar Bhattacharjee,7 years 1 month ago
Shankar Kumar Bhattacharjee,7 years 1 month ago
MURALIDHARAN MAHADEVAN,7 years 1 month ago
Prakash Dave_1,7 years 1 month ago
Preet Singh,7 years 1 month ago
Preet Singh,7 years 1 month ago
Akhilesh Yar,7 years 1 month ago
RANJITSINGH,7 years 1 month ago
Gara Srikanth,7 years 1 month ago
Avinash Tiwari,7 years 1 month ago
Avinash Tiwari,7 years 1 month ago
Amita Tripathi,7 years 1 month ago
Bharath Gowda S.J,7 years 1 month ago
Ashish H. Bhatt,7 years 1 month ago
Shivangi Shukla,7 years 1 month ago
Punugoti Venkata Sai Ranga Rao,7 years 1 month ago
Raju Gupta,7 years 1 month ago
Bhanu Prakash,7 years 1 month ago
Bhanu Prakash,7 years 1 month ago
Anil Kumar Singh,7 years 1 month ago
Jeethendra Kumar PK,7 years 1 month ago
Dinesh Sharma,7 years 1 month ago
MANISH KUMAR SINGH,7 years 1 month ago
Prashant Kumar_249,7 years 1 month ago
DR RAGHAVENDRA BHAT,7 years 1 month ago
KALYAN ROY,7 years 1 month ago
PIDUGU GANAPATHI,7 years 1 month ago
Shivakiran Makam,7 years 1 month ago
Ramamurthy,7 years 1 month ago
Ramamurthy,7 years 1 month ago
Rahulsharma.Iift15@Gmail.Com,7 years 1 month ago
Rahulsharma.Iift15@Gmail.Com,7 years 1 month ago
Rahulsharma.Iift15@Gmail.Com,7 years 1 month ago
Rahulsharma.Iift15@Gmail.Com,7 years 1 month ago
Rahulsharma.Iift15@Gmail.Com,7 years 1 month ago
Rahulsharma.Iift15@Gmail.Com,7 years 1 month ago
Rahulsharma.Iift15@Gmail.Com,7 years 1 month ago
MohanPrabhu Sanjeevi,7 years 1 month ago
Esha Chaturvedi,7 years 1 month ago
Great Patriot,7 years 1 month ago
Great Patriot,7 years 1 month ago
Great Patriot,7 years 1 month ago
Great Patriot,7 years 1 month ago
AISHWARYA VASHISHTHA,7 years 1 month ago
Ankit Giri,7 years 1 month ago
Adv. SIVARAMAN.K,7 years 1 month ago
Great Patriot,7 years 1 month ago
Great Patriot,7 years 1 month ago
Great Patriot,7 years 1 month ago
Great Patriot,7 years 1 month ago
Great Patriot,7 years 1 month ago
Chetan Kabra,7 years 1 month ago
Chetan Kabra,7 years 1 month ago
Sarath I P,7 years 1 month ago
HEMANTA_7,7 years 1 month ago
BHASKAR KEDLAYA,7 years 1 month ago
Rajesh Swain,7 years 1 month ago
ADHINARAYANAN R,7 years 1 month ago
Dr Janaswamy Venugopal,7 years 1 month ago
Dr Janaswamy Venugopal,7 years 1 month ago
Dr Janaswamy Venugopal,7 years 1 month ago
Dr Janaswamy Venugopal,7 years 1 month ago
Pranab Paul,7 years 1 month ago
Dr Janaswamy Venugopal,7 years 1 month ago
Om Prakash Birla,7 years 1 month ago
Abhay,7 years 1 month ago
Om Prakash Birla,7 years 1 month ago
Om Prakash Birla,7 years 1 month ago
HARISH BHATIA,7 years 1 month ago
Anand Ballabh,7 years 1 month ago
Ponnuviji Parthiban,7 years 1 month ago
Ponnuviji Parthiban,7 years 1 month ago
Ponnuviji Parthiban,7 years 1 month ago
Esha Chaturvedi,7 years 1 month ago
Anand Krishnan Iyer,7 years 1 month ago
Muthuselvam D,7 years 1 month ago
Suraj Das,7 years 1 month ago
Jeethendra Kumar PK,7 years 1 month ago
Lairenlakpam Ibemhal,7 years 1 month ago
Rohit Sharma_170,7 years 1 month ago
Gautam Pal,7 years 1 month ago
Gautam Pal,7 years 1 month ago
Gautam Pal,7 years 1 month ago
Gautam Pal,7 years 1 month ago
Gautam Pal,7 years 1 month ago
Gautam Pal,7 years 1 month ago
Gautam Pal,7 years 1 month ago
Amitabh Kumar Gupta,7 years 1 month ago
Dilip Kumar Agarwala,7 years 1 month ago
Deep Sorathiya,7 years 1 month ago
Deep Sorathiya,7 years 1 month ago
Deep Sorathiya,7 years 1 month ago
Esver,7 years 1 month ago
Esver,7 years 1 month ago
Esver,7 years 1 month ago
Esver,7 years 1 month ago
Shobhit Bajpai,7 years 1 month ago
Sivadas_1,7 years 1 month ago
Sivadas_1,7 years 1 month ago
Shobhit Bajpai,7 years 1 month ago
Shobhit Bajpai,7 years 1 month ago
Shubhendu Dutta,7 years 1 month ago
Shubhendu Dutta,7 years 1 month ago
Ravi Balraj,7 years 1 month ago
Sudhir Chauhan,7 years 1 month ago
Jeethendra Kumar PK,7 years 1 month ago
Sachin Tikkha,7 years 1 month ago
Ratan Srivastava,7 years 1 month ago
Vivek Devda,7 years 1 month ago
Devendra Mahato,7 years 1 month ago
Rahul,7 years 1 month ago
Vivek Devda,7 years 1 month ago
Muthuselvam D,7 years 1 month ago
Dr Jyoti Kapoor,7 years 1 month ago
Dr Manoj Kumar Bajaj,7 years 1 month ago
Dr Manoj Kumar Bajaj,7 years 1 month ago
Dr Manoj Kumar Bajaj,7 years 1 month ago
Dr Manoj Kumar Bajaj,7 years 1 month ago
Mahesh Raja R,7 years 1 month ago
Sanjeevi Bharadwaj Prabhanjan,7 years 1 month ago
Sanjeevi Bharadwaj Prabhanjan,7 years 1 month ago
Swapnil Dashora,7 years 1 month ago
Dr Sunil Rajput,7 years 1 month ago
Sandeep Nimbal,7 years 1 month ago
Brajesh Kumar_50,7 years 1 month ago
Amit Srivastava,7 years 1 month ago
GANAPATHI SUBRAMANIAN,7 years 1 month ago
Paresh Jani,7 years 1 month ago
Dhavalkotadiya,7 years 1 month ago
Muthuselvam D,7 years 1 month ago
Hamesh Kumar Varshney,7 years 1 month ago
Ravi Jagdish Ghuge,7 years 1 month ago
Ravi Jagdish Ghuge,7 years 1 month ago
Ravi Jagdish Ghuge,7 years 1 month ago
Ravi Jagdish Ghuge,7 years 1 month ago
Col Arvind Kumar,7 years 1 month ago
Dayanidhi Lenka,7 years 1 month ago
Sanjay Kumar Sahu,7 years 1 month ago
Stuti Sood,7 years 1 month ago
Stuti Sood,7 years 1 month ago
S K Govan,7 years 1 month ago
Danish Khan,7 years 1 month ago
Danish Khan,7 years 1 month ago
S K Govan,7 years 1 month ago
Pravin Mogra,7 years 1 month ago
Priyanka Nandakishore Zade,7 years 1 month ago
Himanshu Maheshwari,7 years 1 month ago
Ashish Chatkawar,7 years 1 month ago
Ashish Chatkawar,7 years 1 month ago
Mohindar Singh,7 years 1 month ago
Anirban Kar,7 years 1 month ago
K.B.ARAVINTH RAJAMANI,7 years 1 month ago
Ugrasen,7 years 1 month ago
PRADHEEP KUMAR T,7 years 1 month ago
Manikanth Ragi,7 years 1 month ago
Jagat Singh,7 years 1 month ago
Niraj Kumar,7 years 1 month ago
Amit Bajpal,7 years 1 month ago
Mani Kannan,7 years 1 month ago
Rajesha Kini,7 years 1 month ago
Sagar Agarwal,7 years 1 month ago
Shobhan Babu Cherala,7 years 1 month ago
Dr Janaswamy Venugopal,7 years 1 month ago
Dr Janaswamy Venugopal,7 years 1 month ago
Dr Janaswamy Venugopal,7 years 1 month ago
Shipra,7 years 1 month ago
JAGDISH PATHAK,7 years 1 month ago
JAGDISH PATHAK,7 years 1 month ago
Biswajit Debnath,7 years 1 month ago
Muthuselvam D,7 years 1 month ago
DIPTIMOY ROY CHOUDHURY,7 years 1 month ago
Jamuneshwaran,7 years 1 month ago
Hemant Taparia,7 years 1 month ago
Ranveer Singh Rathore,7 years 1 month ago
Docbrij,7 years 1 month ago
Docbrij,7 years 1 month ago
Docbrij,7 years 1 month ago
SREENIVASAN RAMAN,7 years 1 month ago
Vishal Anand,7 years 1 month ago
Docbrij,7 years 1 month ago
SHANMUGANATHAN B Balasubramaniam,7 years 1 month ago
Raj Kumar Singh,7 years 1 month ago
Raj Kumar Singh,7 years 1 month ago
Raj Kumar Singh,7 years 1 month ago
SHANMUGANATHAN B Balasubramaniam,7 years 1 month ago
Sonia Sharma,7 years 1 month ago
SHANMUGANATHAN B Balasubramaniam,7 years 1 month ago
Dr Janaswamy Venugopal,7 years 1 month ago
NESARAJ SELVAM,7 years 1 month ago
Yajesh Arya,7 years 1 month ago
RICHA GOYAL,7 years 1 month ago
Sadhana Rana,7 years 1 month ago
HARISH BHATIA,7 years 1 month ago
Pratik Patawari,7 years 1 month ago
Pratik Patawari,7 years 1 month ago
Pratik Patawari,7 years 1 month ago
Dharanidharan Bhushanaratnam,7 years 1 month ago
HARISH BHATIA,7 years 1 month ago
Dharanidharan Bhushanaratnam,7 years 1 month ago
Dharanidharan Bhushanaratnam,7 years 1 month ago
Kiran Vijay Joshi,7 years 1 month ago
Dr Janaswamy Venugopal,7 years 1 month ago
Dr Janaswamy Venugopal,7 years 1 month ago
Sonia Sharma,7 years 1 month ago
Dr Janaswamy Venugopal,7 years 1 month ago
Dr Janaswamy Venugopal,7 years 1 month ago
Dr Janaswamy Venugopal,7 years 1 month ago
Dr Janaswamy Venugopal,7 years 1 month ago
Veeresh BellodiMatt,7 years 1 month ago
RICHA GOYAL,7 years 1 month ago
Zeenat Amir Rizvi,7 years 1 month ago
Lokesh Kumar Rathore,7 years 1 month ago
Shivam Gupta,7 years 1 month ago
Vinaya Phaneendhra K,7 years 1 month ago
Awadhesh Kumar Singh_1,7 years 1 month ago
Seema Toshniwal,7 years 1 month ago
Harendra Upadhyay,7 years 1 month ago
Rajni Thakur,7 years 1 month ago
Hrishikanta Thoidingjam,7 years 1 month ago
R Birthlia,7 years 1 month ago
Priyanshi Chakraborty,7 years 1 month ago
R Birthlia,7 years 1 month ago
Mark Patel,7 years 1 month ago
Amit Malhotra,7 years 1 month ago
Kumar Harshavardhan,7 years 1 month ago
SHUBHAM KUMAR_180,7 years 1 month ago
Ven,7 years 1 month ago
Vikas_123,7 years 1 month ago
Abhishek Shukla,7 years 1 month ago
Mahesh_1515,7 years 1 month ago
Ashish Sarangi,7 years 1 month ago
Chandrashekhar Tiwari,7 years 1 month ago
Renu Rani,7 years 1 month ago
Rohit Thekkedath,7 years 1 month ago
Vineet Sheokand,7 years 1 month ago
TULSA TRIVEDI,7 years 1 month ago
Mansi Tiwari,7 years 1 month ago
Sudesh Kumar Mishra. Advocate,7 years 1 month ago
Rajendra Prasad,7 years 1 month ago
Ankit Tyagi,7 years 1 month ago
K.Chandrashekar,7 years 1 month ago
NARENDRA PRASAD_4,7 years 1 month ago
Charu Kirti Jain,7 years 1 month ago
MANISH KUMAR SINGH,7 years 1 month ago
JAGDISH PATHAK,7 years 1 month ago
C K PREM KUMAR,7 years 1 month ago
Gaurav Khandelwal,7 years 1 month ago
Gaurav Khandelwal,7 years 1 month ago
Manvendra Singh,7 years 1 month ago
Shrikant Saini,7 years 1 month ago
Chandra Mouli,7 years 1 month ago
Sreeram Venkitaraman,7 years 1 month ago
Manas,7 years 1 month ago
Sandhya_50,7 years 1 month ago
Panganti Srinivas,7 years 1 month ago
Dr. Devendra Singh,7 years 1 month ago
Sumit Deb,7 years 1 month ago
Prashant Sarpatwari,7 years 1 month ago
Arun Munshi,7 years 1 month ago
Arun Munshi,7 years 1 month ago
Laxman Ram,7 years 1 month ago
Arun Munshi,7 years 1 month ago
CA Manish Jha,7 years 1 month ago
Monty Jadawala,7 years 1 month ago
M.Audiseshu Mass,7 years 1 month ago
Jigar Sutaria,7 years 1 month ago
Dayal Upadhyay,7 years 1 month ago
Sutama Pal,7 years 1 month ago
Vithalsing Dalchand Pardeshi,7 years 1 month ago
Vithalsing Dalchand Pardeshi,7 years 1 month ago
D B Mishra,7 years 1 month ago
Vithalsing Dalchand Pardeshi,7 years 1 month ago
Vithalsing Dalchand Pardeshi,7 years 1 month ago
Vithalsing Dalchand Pardeshi,7 years 1 month ago
Tipu Kumar Singh,7 years 1 month ago
Lund Shalu,7 years 1 month ago
Sukhvir Singh,7 years 1 month ago
Jitendra_30,7 years 1 month ago
Jitendra_30,7 years 1 month ago
REKHA RAJPUT,7 years 1 month ago
Jitendra_30,7 years 1 month ago
Jitendra_30,7 years 1 month ago
UP087503827,7 years 1 month ago
Jagtap Sachin,7 years 1 month ago
Prasanta Kumar Sahoo,7 years 1 month ago
ANKIT MOTA,7 years 1 month ago
ANKIT MOTA,7 years 1 month ago
Vaishali Sharma,7 years 1 month ago
Kumar,7 years 1 month ago
SAVI VERMA,7 years 1 month ago
C G SURIYA NARAYANAN,7 years 1 month ago
C G SURIYA NARAYANAN,7 years 1 month ago
C G SURIYA NARAYANAN,7 years 1 month ago
Akshay Varma,7 years 1 month ago
SUMANT YAGNIK,7 years 1 month ago
A RAMESH,7 years 1 month ago
PURNIMA SHARMA,7 years 1 month ago
PURNIMA SHARMA,7 years 1 month ago
Nabaneet Mandal,7 years 1 month ago
Mageshkumar Nadarajan,7 years 1 month ago
Rohit,7 years 1 month ago
Sumeet Kumar_10,7 years 1 month ago
Niraj Kumar,7 years 1 month ago
Sumeet Kumar_10,7 years 1 month ago
Sumeet Kumar_10,7 years 1 month ago
Niraj Kumar,7 years 1 month ago
KIRAN INGLE,7 years 1 month ago
NEERAJ Bahuguna,7 years 1 month ago
RAJAKEERTHI,7 years 1 month ago
Ajit Kumar,7 years 1 month ago
Ravi Kant,7 years 1 month ago
Aurobindo Ghosh,7 years 1 month ago
Aurobindo Ghosh,7 years 1 month ago
Arvind Kumar Sharma,7 years 1 month ago
Shantanu_192,7 years 1 month ago
Kavita Rani,7 years 1 month ago
Kavita Rani,7 years 1 month ago
Sanjeet Kumar_40,7 years 1 month ago
Sonu Singla,7 years 1 month ago
Sanjeet Kumar_40,7 years 1 month ago
Rahul Seth,7 years 1 month ago
Rahul Seth,7 years 1 month ago
Pratik Gurjar,7 years 1 month ago
Sumeet Kumar_10,7 years 1 month ago
Vijay Kumar Cholkar,7 years 1 month ago
Vijay Kumar Cholkar,7 years 1 month ago
Malti Rajput,7 years 1 month ago
